mean_fit_time,std_fit_time,mean_score_time,std_score_time,param_model__architecture,param_model__dropout_rate,param_model__epochs,params,split0_test_AVG_PREC,split1_test_AVG_PREC,split2_test_AVG_PREC,split3_test_AVG_PREC,split4_test_AVG_PREC,mean_test_AVG_PREC,std_test_AVG_PREC,rank_test_AVG_PREC,split0_train_AVG_PREC,split1_train_AVG_PREC,split2_train_AVG_PREC,split3_train_AVG_PREC,split4_train_AVG_PREC,mean_train_AVG_PREC,std_train_AVG_PREC,split0_test_AU_PRC,split1_test_AU_PRC,split2_test_AU_PRC,split3_test_AU_PRC,split4_test_AU_PRC,mean_test_AU_PRC,std_test_AU_PRC,rank_test_AU_PRC,split0_train_AU_PRC,split1_train_AU_PRC,split2_train_AU_PRC,split3_train_AU_PRC,split4_train_AU_PRC,mean_train_AU_PRC,std_train_AU_PRC,split0_test_AU_ROC,split1_test_AU_ROC,split2_test_AU_ROC,split3_test_AU_ROC,split4_test_AU_ROC,mean_test_AU_ROC,std_test_AU_ROC,rank_test_AU_ROC,split0_train_AU_ROC,split1_train_AU_ROC,split2_train_AU_ROC,split3_train_AU_ROC,split4_train_AU_ROC,mean_train_AU_ROC,std_train_AU_ROC
171.15860557556152,1.647014749132421,0.8851010799407959,0.04099040771926785,"(100, 80)",0.2,150,"{'model__architecture': (100, 80), 'model__dropout_rate': 0.2, 'model__epochs': 150}",0.6951371285004612,0.6857370653147264,0.6953075563403749,0.549304476290092,0.6942557907791631,0.6639484892072838,0.057432758077187736,31,0.7962216460997482,0.7930826419176938,0.8104192382107697,0.7896503003640744,0.8203992829322678,0.8019546219049107,0.011617492144830264,0.7018096147793961,0.7026517122261117,0.7270840172936907,0.6080742227204037,0.6992794036336374,0.6877798378764032,0.041104812890942144,47,0.805719430516655,0.8524349672212433,0.8873039841487582,0.87396448143086,0.8301829297357699,0.8499211586106572,0.0294117891220265,0.8533221433372804,0.8115339455017936,0.8469927338512998,0.7988355656091838,0.8771958273806215,0.8375760486894998,0.028584436256600808,56,0.9338953041025114,0.9231781987380135,0.948446807362508,0.9657279895005,0.9668277706521248,0.9476152140711316,0.017223763581011808
176.40793042182926,2.3120269790952874,1.0991439819335938,0.05856472207779855,"(100, 80)",0.4,150,"{'model__architecture': (100, 80), 'model__dropout_rate': 0.4, 'model__epochs': 150}",0.6466675369834579,0.6631051997826191,0.5997647907797335,0.5280268264593342,0.5557524147410814,0.5986635172423923,0.051554316949227935,45,0.7285057089724034,0.6980895504288811,0.6946224324688755,0.7118419593287878,0.7579850034371554,0.7182089309272206,0.023194009101166976,0.7652148669593055,0.7527146774365879,0.7026274994561944,0.5383332889558547,0.5576969418489733,0.6633177536838101,0.09664053380185612,56,0.8344842175153525,0.8242763994213468,0.8154650287737557,0.7274191727521304,0.7606836286384928,0.7924656894202157,0.04134633309724523,0.8527517069557491,0.8167824266079436,0.7867852456881693,0.7280039676608934,0.7678819674004601,0.7904412166882981,0.042419731375725175,65,0.8995466491812338,0.859647558037578,0.8576365502135438,0.8818728799915914,0.937259068844448,0.8871925412536791,0.02939340970478277
179.95659847259518,0.6641931051341264,1.3814197540283204,0.03796359745773623,"(100, 80)",0.6,150,"{'model__architecture': (100, 80), 'model__dropout_rate': 0.6, 'model__epochs': 150}",0.1676973955354628,0.3809647047895429,0.4708386256605648,0.3524491933951886,0.2951633992882042,0.33342237444097944,0.10043323566153237,63,0.1982594775352345,0.3585859127157188,0.4935846049429141,0.5698763190322569,0.3734491540892985,0.3987510936630846,0.12706498783189565,0.4727675937307769,0.6387159941006847,0.6852562179570872,0.5849577170339136,0.5507675703087177,0.5864928400751693,0.0730665585181409,61,0.5353271697107148,0.6302202325510464,0.7201689388290518,0.7217185086675455,0.6326752655201369,0.6480220230556989,0.0691214961204092,0.8680305677733777,0.8923863249627781,0.9132805661425408,0.7546129657059202,0.8625193871402478,0.8581660173176988,0.05486000289330212,46,0.891567910312831,0.8845258966548022,0.9242464895895351,0.8483025916885544,0.8955285496067716,0.8888342875704989,0.02436263734776516
183.7520881652832,1.6991430707689494,1.6445418357849122,0.07586180803552955,"(100, 80)",0.8,150,"{'model__architecture': (100, 80), 'model__dropout_rate': 0.8, 'model__epochs': 150}",0.003456275452219168,0.0025155393244530484,0.0020675673849217253,0.0034963345459755805,0.002188730130941263,0.0027448905837575053,0.00061504784648345,73,0.00387184730743013,0.0026122104800051327,0.002236099394431846,0.004127384107398879,0.002366814765602292,0.003042871210973656,0.000794578043681238,0.4601502496411841,0.4872026074215578,0.4658813733590275,0.4385324962300149,0.4729711931209316,0.4649475968550013,0.016008163250754086,98,0.5019359236537151,0.5013061052400025,0.4976143386868075,0.5020636920536994,0.5011834073828011,0.5008206934034051,0.0016393096599755515,0.9423379673281562,0.9276820104550404,0.9105130666776926,0.9358262148449036,0.9152086919855577,0.9263136243092004,0.012017645281050366,32,0.9534507692797758,0.9306737170706846,0.9185485029400416,0.9561902893125356,0.9234671124554996,0.9364660782117074,0.01549895671432535
186.9251267910004,1.3898961774570713,2.044842576980591,0.07144308168097363,"(100, 40)",0.2,150,"{'model__architecture': (100, 40), 'model__dropout_rate': 0.2, 'model__epochs': 150}",0.7251631306997219,0.7336595523660655,0.7063350800233639,0.5749765205644318,0.5737769665848155,0.6627824493970336,0.07272356740244303,32,0.8411145488950282,0.7963685921600056,0.8050585786077138,0.8140479746507059,0.7296376945210682,0.7972454777669042,0.03698498379533716,0.7249402000542066,0.7657656380687378,0.7401634878757851,0.6690320354447639,0.6648567283630096,0.7129516962088279,0.03978837090693307,30,0.8410835244939011,0.8574007516387575,0.8592950309774424,0.8912722901656464,0.8440832591776257,0.8586269712906747,0.01781549241737026,0.9286236035864618,0.8804953908623523,0.8762627034851127,0.8035994218780979,0.7644368960877999,0.8506837923933938,0.05877602395193041,47,0.991353300255776,0.944385067405238,0.9522024101800014,0.9465463794164944,0.8994198781171344,0.9467814070749287,0.02920600295631987
192.4860849380493,1.4869597219376671,2.2042569160461425,0.06314431028648664,"(100, 40)",0.4,150,"{'model__architecture': (100, 40), 'model__dropout_rate': 0.4, 'model__epochs': 150}",0.65895888961616,0.6148568275231683,0.5177013591677478,0.5180947100272143,0.5130055500693335,0.5645237110214318,0.06075126108234845,49,0.7143729491234229,0.6807036857608559,0.6833929247498408,0.7595717100510218,0.6970829113955268,0.7070248362161337,0.02886271221869693,0.7452289687956597,0.7159353750677544,0.682874912426953,0.6804514660625676,0.558382176724829,0.6765747598356602,0.06369750359614804,53,0.7981574341164984,0.7831150454094374,0.8239883054782012,0.8599425165932519,0.7405977508592573,0.8011602104913292,0.039947309288276486,0.8386747726182612,0.7795014851015708,0.7726952112561203,0.7707949736070723,0.7471716274631159,0.7817677276729251,0.03047349171420981,71,0.8782787608971769,0.8232413125956674,0.8622021392516953,0.8881114736751796,0.8524550687087152,0.8608577510256868,0.022510734653403273
196.7067586421966,1.4295470605875018,2.464699077606201,0.05038656116642693,"(100, 40)",0.6,150,"{'model__architecture': (100, 40), 'model__dropout_rate': 0.6, 'model__epochs': 150}",0.6272806359528609,0.40610214884526397,0.5223885388492631,0.4101716368150111,0.6190360901340796,0.5169959218752886,0.09624229444929217,52,0.6914311002770364,0.3299764422044661,0.5796583618266381,0.5326298746535789,0.7191873692358286,0.5705766296395096,0.138637541282079,0.628015478942505,0.4072544285644005,0.7259119576168054,0.4347752216991001,0.6203850326331171,0.5632683968683514,0.12227691126350786,63,0.6923821644428698,0.334415978926412,0.7821638015097055,0.5599446686926014,0.7213127043667027,0.6180438635876584,0.1593400664480163,0.9638856468480284,0.9911604925439124,0.8775266811412494,0.8095107140195996,0.9272008307451512,0.9138570537844056,0.06459842864622192,37,0.982486162475442,0.985557582677108,0.8939104951232681,0.8506024555850819,0.9455864907099087,0.931628637314162,0.0523020861167763
201.02961640357967,1.6616380092019325,2.732427787780762,0.05234312335885197,"(100, 40)",0.8,150,"{'model__architecture': (100, 40), 'model__dropout_rate': 0.8, 'model__epochs': 150}",0.002558388129676704,0.002444398540246505,0.002291898644128745,0.002577632668628185,0.002857075928046881,0.0025458787042337656,0.00018590972674644864,76,0.002700581014465005,0.002449632125421165,0.0023443283704861397,0.00283480544282645,0.0030437011405869533,0.002674609618757143,0.0002538764827226408,0.4735575000996278,0.5012221992701232,0.4941128441306487,0.4661325883270309,0.48034070659738004,0.4830731667859257,0.012932589455653714,90,0.4995939752357168,0.5012248160627106,0.5011721641852429,0.5014174027214132,0.5015218505702935,0.5009860417550754,0.0007074838928290443,0.926875626818162,0.9261621654681024,0.9200398460198412,0.9178419548410818,0.9348162817665192,0.9251471795394448,0.005949116280985834,33,0.9331525463423036,0.926060586755009,0.9227312805640996,0.9361317030781344,0.9405275819098756,0.9317207397298845,0.006510220346663352
233.05832018852237,1.9846054880920547,3.1847304821014406,0.07616033295252643,"(100, 80, 40)",0.2,150,"{'model__architecture': (100, 80, 40), 'model__dropout_rate': 0.2, 'model__epochs': 150}",0.6720217523054597,0.7071265053252657,0.6417705421787626,0.5745634806694438,0.6942771555020318,0.6579519659768058,0.04722514543946113,34,0.7960336906198002,0.7644257649709632,0.7016947793492905,0.789498352623495,0.7673368517680781,0.7637978878663254,0.033374767266695665,0.67168413280688,0.7065743580136837,0.7381390255844766,0.6007662252171974,0.6954585870111147,0.6825244681408291,0.046131469533695464,52,0.796002552527557,0.7643857286450796,0.7923787720381773,0.8016663720869119,0.7687335052242972,0.7846333861044046,0.015113870480406275,0.9645277903778492,0.9881196899193199,0.7473509804943437,0.6144983721478132,0.9279216885156488,0.8484840830648926,0.14439647716278328,49,0.991316723966902,0.9898499263161248,0.7953983587198971,0.8075348336234189,0.937193424614713,0.9042586534482112,0.08625048854958578
238.7031036376953,1.7102844319503634,3.5394285678863526,0.07754259972734531,"(100, 80, 40)",0.4,150,"{'model__architecture': (100, 80, 40), 'model__dropout_rate': 0.4, 'model__epochs': 150}",0.6853642848750741,0.5830679319596667,0.7565726678718583,0.6674456995247654,0.46344555597906606,0.6311792894437107,0.10042306628807574,39,0.7455230393198058,0.6521359885109566,0.7696698103585495,0.7911130618489743,0.6758695549332552,0.7268622909943083,0.05383892311596111,0.6849084077184966,0.5995295485143534,0.7563818819601524,0.6670859191107673,0.5983209737118146,0.6612453315405423,0.05901406853632987,57,0.7454437961391127,0.6724167049847491,0.7696426403599262,0.7910740980545906,0.7965104942832775,0.7550175467643313,0.04505594014370685,0.9705743027630116,0.6352330037757623,0.9868571591829398,0.9708700815024394,0.6620210032198123,0.8451111519155516,0.16076011357978814,52,0.9911934682666764,0.6853225587780494,0.9898313207517982,0.9953616246864151,0.8035582767010463,0.893053449836797,0.1269849528660597
242.92074794769286,3.5777461058713484,3.855814552307129,0.08901586859112137,"(100, 80, 40)",0.6,150,"{'model__architecture': (100, 80, 40), 'model__dropout_rate': 0.6, 'model__epochs': 150}",0.5793002814897652,0.6116959629023784,0.1270764434884961,0.4294176793186753,0.4772843188021461,0.44495538088995856,0.1721536789147242,60,0.5929631073859764,0.5998374923053773,0.14417043320301992,0.5868963996206265,0.6080362520068997,0.50638073690438,0.18124215393176096,0.7556840147584305,0.7822629628894189,0.5635382217442481,0.6786937454438748,0.7103278796531157,0.6981015680049452,0.07620013138807129,42,0.7793159879355877,0.7767887902750027,0.57208521660151,0.7849972454263805,0.7823073843899095,0.739098924925678,0.08355255073238743,0.7986013425163787,0.8098525867011536,0.5633802816901409,0.7183028960794726,0.7464729869282256,0.7273222481411012,0.08856297255599008,84,0.7992913374875442,0.8035024726151377,0.5719298245614035,0.7947347319045933,0.8087660082974699,0.7556448749732299,0.09197440384199754
250.82423706054686,2.272585540889148,4.268491315841675,0.1220501690693184,"(100, 80, 40)",0.8,150,"{'model__architecture': (100, 80, 40), 'model__dropout_rate': 0.8, 'model__epochs': 150}",0.0008967939615873252,0.0008836231036328109,0.0008944543828264757,0.0010009947713592981,0.0009360086481925804,0.0009223748819005894,4.3133723593248906e-05,83,0.0008880661421656307,0.0008817305431460144,0.0009002065737190217,0.0010407418891359033,0.0009404699049630412,0.0009302430106259223,5.890522353053958e-05,0.5004483969807937,0.5004418115518164,0.5004472271914132,0.4864235708506882,0.5004680043240963,0.4976458107402891,0.005611116247365179,86,0.5004440330710828,0.5004408652715729,0.5004501032868595,0.4987677774428403,0.5004702349524816,0.5001146028049674,0.0006734901411472112,0.7955883327302288,0.7954201430122269,0.7978986371466723,0.8117307147575422,0.8068789945261613,0.8015033461815564,0.006610343598229097,64,0.7964437932023062,0.7942579555951964,0.7984846322624378,0.8257089972473952,0.8071196672893101,0.8044030091193293,0.01151193967467961
256.74437975883484,1.360687379169904,4.784746265411377,0.10447909136637512,"(100, 40, 20)",0.2,150,"{'model__architecture': (100, 40, 20), 'model__dropout_rate': 0.2, 'model__epochs': 150}",0.5911940894015688,0.7577145551027552,0.6562149804707353,0.652032579271132,0.6679970056288094,0.6650305859429394,0.05347460087902325,30,0.7359101721766754,0.7668633050844613,0.7369045320213865,0.8245923732859141,0.7664768390003561,0.7661494443137588,0.032205189661588016,0.7514110371660558,0.7572174289024681,0.7977064976742875,0.6514836484814323,0.6676454894624319,0.7250929067058683,0.056063990990038406,20,0.8624531340644821,0.7668322400257555,0.8671943259356106,0.8245619968030116,0.7664601501919339,0.8175003694041587,0.044073734263878867,0.7985984756461855,0.9921756965929271,0.8239398932969703,0.9761188406034302,0.9795847293581782,0.9140833713222786,0.08449840734127112,36,0.86795620536201,0.9891860639398324,0.8684213789973605,0.9943251294364456,0.9921688955437704,0.9424115346558836,0.0606247673314041
263.0376561164856,1.9316635018268096,5.048523473739624,0.07261838258522045,"(100, 40, 20)",0.4,150,"{'model__architecture': (100, 40, 20), 'model__dropout_rate': 0.4, 'model__epochs': 150}",0.5540213889937721,0.6468284997697427,0.4983767326967745,0.3241815443486725,0.429521868564331,0.4905862953571519,0.10946754409978113,56,0.6364501136464034,0.6233986176595752,0.5896221894915474,0.5124489724121202,0.6209507836062815,0.5965741353631856,0.04478669460236176,0.7541806580863052,0.8154727138353952,0.7199294756258948,0.6480112523984953,0.6787938214749114,0.7232777412061081,0.05849782614332584,21,0.7983037519570717,0.8032282568729345,0.7930573433997226,0.729917979233263,0.8065040711874196,0.7862022805300823,0.028507566169134163,0.7708307850042727,0.8239424775371972,0.753514809743654,0.6478891185507385,0.7183029678637557,0.7428961712524838,0.05846837910059584,79,0.8028158336186008,0.8105246079553997,0.7929824561403509,0.7298245614035088,0.8087713978036298,0.7889837713842979,0.030208228516339624
270.4792543888092,0.9952666753468448,5.474508714675904,0.09361253081277134,"(100, 40, 20)",0.6,150,"{'model__architecture': (100, 40, 20), 'model__dropout_rate': 0.6, 'model__epochs': 150}",0.0004616183570233309,0.0009422694094226939,0.3041011847174382,0.05670878384655625,0.000577559769301478,0.0725580633177858,0.11778896040443672,68,0.0004555267910703917,0.0009399302143040886,0.2946219568693074,0.07404929314008601,0.0005796853833856067,0.0741292784796307,0.11385172168491972,0.5002308091785117,0.5004711347047114,0.30421381563676303,0.5283543919232779,0.5002887798846507,0.4667118889745974,0.08197066408244688,97,0.5002277633955352,0.500469965107152,0.2952905870866141,0.5370246465700431,0.5002898426916929,0.4666605609702074,0.08685566644384887,0.602712951117952,0.8081643366444622,0.959113825896984,0.5655993133402619,0.6869106959012466,0.7245000616370488,0.1439011522531624,85,0.6029879272449272,0.8070085687892206,0.9544912961152054,0.5734231670794746,0.6869618233850561,0.7249745565227768,0.14049985207610455
275.7056711673737,2.529834513084156,5.8619890213012695,0.10170322355056163,"(100, 40, 20)",0.8,150,"{'model__architecture': (100, 40, 20), 'model__dropout_rate': 0.8, 'model__epochs': 150}",0.0003669275929549902,0.00044681346481815945,0.00042503262574380713,0.0003915297231719422,0.00044649875797880703,0.0004153603662803438,3.151538130176369e-05,93,0.00036182953242451277,0.0004481604194152528,0.0004263429053548669,0.0003925344087398819,0.00044843402119440793,0.00041546025742578445,3.369525461926579e-05,0.5001834637964775,0.5002234067324091,0.5002125163128719,0.500195764861586,0.5002232493789894,0.5002076801831402,1.5757690650878042e-05,76,0.5001809147662123,0.5002240802097077,0.5002131714526774,0.5001962672043699,0.5002242170105972,0.5002077301287129,1.6847627309617425e-05,0.5001401580983349,0.5952437986412309,0.5744905864244723,0.5380645851808813,0.5949563214172859,0.5605790021042556,0.036706282744436616,93,0.5001331507023858,0.5950383843531998,0.5743062793536402,0.5376261744641487,0.5952860888910408,0.5604780155528831,0.03677213971430368
264.26791787147516,2.333244518544578,6.456556940078737,0.07448576304211653,"(100, 10)",0.2,150,"{'model__architecture': (100, 10), 'model__dropout_rate': 0.2, 'model__epochs': 150}",0.7038382889145485,0.6668591637678192,0.6706550513078143,0.556345844615962,0.582910439359552,0.6361219269150269,0.056424300941971026,38,0.7674503734936367,0.6877370478870563,0.7085384622608244,0.7613318789046295,0.7177374699925532,0.7285590465077401,0.030889997543824887,0.8015517611736324,0.8054864591023709,0.7934654913700049,0.6919585374215328,0.6672938843400469,0.7519513823144592,0.059691945673973686,10,0.8760683770145821,0.8414523079374996,0.8471784965594193,0.8758029957791096,0.7867556513669807,0.8454515657315183,0.032627550184324526,0.9345925689025704,0.8705419405791397,0.910430873673588,0.8489003293893613,0.8223705094085504,0.8773673540570994,0.040619061080025616,44,0.9501209473898146,0.8751889531748334,0.9262536793829952,0.93186340867778,0.8769286306438423,0.9120711238538532,0.030449820472437782
265.9298128604889,1.7691837896239202,6.741812992095947,0.11213525528990637,"(100, 10)",0.4,150,"{'model__architecture': (100, 10), 'model__dropout_rate': 0.4, 'model__epochs': 150}",0.001029925044343995,0.0009729359369647141,0.0008654842445297737,0.0009550070616719347,0.0009963234262299683,0.0009639352864023684,5.523942514904966e-05,81,0.0010216746110261717,0.0009688736588748828,0.0008702901272455776,0.0009563950952032592,0.001002307064682216,0.0009639081114064213,5.226256236248997e-05,0.500514962522172,0.5004864679684824,0.5004327421222649,0.500477503530836,0.500498161713115,0.5004819676432012,2.761971257453733e-05,67,0.5005108373055129,0.5004844368294374,0.5004351450636227,0.5004781975476016,0.5005011535323411,0.5004819540557032,2.6131281181259162e-05,0.8220348917214982,0.8142166181634702,0.7911276923233744,0.8107244426775939,0.8185809812136224,0.8113369499559244,0.010807433721911293,61,0.8230873124581913,0.8127792820055427,0.7915512483021715,0.8103343925914789,0.8190305876716623,0.8113565646058094,0.010879527466806036
274.770725440979,3.3724693165400006,7.073403310775758,0.06576096606645315,"(100, 10)",0.6,150,"{'model__architecture': (100, 10), 'model__dropout_rate': 0.6, 'model__epochs': 150}",0.0009029798334503863,0.000810363522227929,0.0008872560045987354,0.0008251784012459031,0.0007674182321278023,0.0008386393010399338,5.011277680448203e-05,85,0.0008966457870276822,0.0008070545059127363,0.0008914049793569373,0.0008271682692447227,0.0007724226154500784,0.0008389392313984316,4.829565764741208e-05,0.5004514899167252,0.5004051817611139,0.5004436280022994,0.5004125892006229,0.5003837091160639,0.5004193196505199,2.505638840224093e-05,69,0.5004483228935138,0.5004035272529563,0.5004457024896785,0.5004135841346223,0.5003862113077251,0.5004194696156992,2.4147828823688834e-05,0.7969899137135781,0.7769090807157747,0.7962575048673333,0.7809164857343812,0.7644134226272388,0.7830973035383126,0.012315298080060292,70,0.7983932723855637,0.7752040263753066,0.7964931080264925,0.7806749521549999,0.7651173635939686,0.7831765445072663,0.012687258933310202
277.3932679653168,2.167606441299482,7.407350444793701,0.061951375723239575,"(100, 10)",0.8,150,"{'model__architecture': (100, 10), 'model__dropout_rate': 0.8, 'model__epochs': 150}",0.0008703641023161357,0.0007769072525933382,0.0007384986634214331,0.0008702260136294553,0.0008005773177277135,0.0008113147552162688,5.207439658641386e-05,86,0.0008631589184983468,0.0007757001714705642,0.0007429517342057585,0.0008712132791245072,0.0008041806105000593,0.0008114409427598473,4.9534569856250624e-05,0.5004351820511581,0.5003884536262967,0.5003692493317107,0.5004351130068148,0.5004002886588639,0.5004056573776081,2.603719829323148e-05,70,0.5004315794592492,0.5003878500857353,0.5003714758671028,0.5004356066395622,0.5004020903052501,0.5004057204713799,2.476728492813288e-05,0.7893755064804008,0.7672942351699991,0.7551807793849321,0.7922668012191267,0.774178669357716,0.7756592177517057,0.01382374155532097,72,0.7905647755869143,0.7661102793616412,0.7557930037995683,0.7917723164115358,0.7744003129356061,0.7757281376190532,0.013922768227367259
313.8612383365632,3.7826421297130537,8.055678176879884,0.10324849259799278,"(80, 40, 20)",0.2,150,"{'model__architecture': (80, 40, 20), 'model__dropout_rate': 0.2, 'model__epochs': 150}",0.6214285856481574,0.6812433963401934,0.534351111822597,0.6260566999263341,0.6222186074812839,0.6170597545481951,0.047089048029056745,42,0.7254005121019536,0.7257657962950528,0.7189940227663075,0.8023382672916959,0.7177891682263228,0.7380575533362665,0.032303324297489285,0.7805153193244455,0.8035416717271007,0.7337145395095188,0.6263204627135323,0.7835684396332843,0.7455322169846897,0.06385410820637075,12,0.8607035005766641,0.8580804923978104,0.8546587403371124,0.8027672104169666,0.8491128913798758,0.8450645670216858,0.021501134963513944,0.8124915055697978,0.8450609470581407,0.7746397756999579,0.9342508369688484,0.8168932250424352,0.8366672173522209,0.05369517500186451,57,0.8626755179565914,0.8631591197277748,0.8596477636947217,0.968562997157354,0.8596463822286052,0.8827383561530094,0.042937507377153586
320.6635621070862,3.1505718555094906,8.398399162292481,0.12983751448174388,"(80, 40, 20)",0.4,150,"{'model__architecture': (80, 40, 20), 'model__dropout_rate': 0.4, 'model__epochs': 150}",0.5234973047967499,0.551068017391554,0.4896150836567055,0.4488420741816865,0.39948202637621455,0.4825010546958706,0.05377325212164824,57,0.5871907814597129,0.6169921622366821,0.6028555011126575,0.6403897166066708,0.6001427232649588,0.6095141769361364,0.018109198255759025,0.7421841072286359,0.7406637528772884,0.7165562581404264,0.6998182734501757,0.6363765165164146,0.7071198872813593,0.03873414239488709,35,0.7894634298509229,0.8028662590351912,0.7954264466933209,0.8126733662956157,0.7913025825684828,0.7983464168887068,0.008517508308459784,0.7638844293130327,0.7816808807197516,0.7535151327729278,0.725347554374082,0.6619710413588018,0.7372799071692127,0.0418488384601457,82,0.7940130997176639,0.8087705595336094,0.8017529530850084,0.8210506331473808,0.7912285798425496,0.8033631650652424,0.01076430309165683
327.6355691432953,2.903068804594375,8.904924678802493,0.2882830640359581,"(80, 40, 20)",0.6,150,"{'model__architecture': (80, 40, 20), 'model__dropout_rate': 0.6, 'model__epochs': 150}",0.0009619109965130726,0.000863925629388073,0.0009413074893605738,0.0008451676645993786,0.0010247676231164482,0.0009274158861997967,6.58118516422706e-05,82,0.0009540894828431867,0.0008604085280070524,0.0009450448150199123,0.0008463452732358897,0.0010310061534788318,0.0009273788505169744,6.755090945988247e-05,0.5004809554982566,0.5004319628146939,0.5004706537446802,0.5004225838322997,0.5005123838115583,0.5004637079430999,3.2905925821157705e-05,68,0.5004770447414216,0.5004302042640035,0.50047252240751,0.5004231726366181,0.5005155030767394,0.5004636894252584,3.37754547299423e-05,0.8094385011747797,0.7907516041731437,0.8079671365809404,0.7861023618034106,0.8236216017858781,0.8035762399826499,0.013603445673726669,63,0.8105424776224001,0.7891549071449049,0.8080542693539715,0.7856486660737538,0.8240731066503912,0.8034946853690842,0.014269143270708582
333.5512038707733,3.8112537385149152,9.328433799743653,0.08407443890580145,"(80, 40, 20)",0.8,150,"{'model__architecture': (80, 40, 20), 'model__dropout_rate': 0.8, 'model__epochs': 150}",0.0003794286437006941,0.000464164536521904,0.00037505018277093417,0.0004641827441699301,0.0003624094614391229,0.0004090471095228733,4.535631533845554e-05,95,0.0003745570269667871,0.0004655090463924682,0.0003764940870612853,0.0004654003422733745,0.00036366002763816213,0.0004091241060664154,4.620142807810052e-05,0.5001897143218503,0.500232082268261,0.5001875250913854,0.500232091372085,0.5001812047307196,0.5002045235547614,2.2678157669254316e-05,78,0.5001872785134834,0.5002327545231963,0.5001882470435306,0.5002327001711366,0.5001818300138191,0.5002045620530332,2.3100714039040256e-05,0.5166151054753398,0.6103808732614026,0.5177593957371334,0.6103941775480872,0.5009326931898107,0.5512164388137164,0.048677530661421484,95,0.5171248367470455,0.6101372917529385,0.5179192585362871,0.6100466855073609,0.5008995624507853,0.5512255269988835,0.048446655234324135
379.0371479988098,2.2496300867077483,10.200883722305297,0.13395179068261714,"(100, 80, 50, 20)",0.2,150,"{'model__architecture': (100, 80, 50, 20), 'model__dropout_rate': 0.2, 'model__epochs': 150}",0.6553887440197049,0.6620941065338628,0.6642582713030409,0.5813447841717703,0.5897310571199494,0.630563475350686,0.03697450562442005,40,0.7182912655101484,0.712298290669981,0.7290258585955927,0.7640512100332528,0.7193495347463277,0.7286032319110605,0.01851786400971281,0.8151845089141176,0.8241485192054194,0.7969252433935198,0.7527012005781971,0.7761003856461318,0.7930120484606066,0.02602836643978493,1,0.8577176637596822,0.8554003073740364,0.8572771376886219,0.8759039681243851,0.8569632002993179,0.8606524554492088,0.0076656385786370565,0.8333292276920689,0.8309841926789449,0.8450592241870537,0.7957639520291478,0.7957700536932081,0.8201813678583177,0.0204967966647498,59,0.8591545392509229,0.8561401452217808,0.8649101503826461,0.8824542246284471,0.8596483940724643,0.8644614907112522,0.009428830183299078
389.22520756721497,2.435667137509136,10.697102165222168,0.13442355816383067,"(100, 80, 50, 20)",0.4,150,"{'model__architecture': (100, 80, 50, 20), 'model__dropout_rate': 0.4, 'model__epochs': 150}",0.5383544251614781,0.4363833700447009,0.5728492196807968,0.4368235119280619,0.3877027770223208,0.4744227522952244,0.06950691338899266,58,0.6122046012168008,0.4879052594485029,0.6069159571889968,0.6421387804389902,0.5608687892879908,0.5820066775162562,0.05375898773723651,0.7460586424374944,0.7008923858057408,0.7610171062332622,0.7013396262158449,0.6700865310444215,0.715878904580948,0.03310950114303012,27,0.8046875150028783,0.7439526297242515,0.7999856214379159,0.8200483835141117,0.7787224000734876,0.7894793099505291,0.026323107958782344,0.7708280243144571,0.7183069160143243,0.7887260055650049,0.7183069877836071,0.6971790786716978,0.7386694472581763,0.03490140472804642,81,0.8063376557885201,0.7438596491228069,0.8035079671922811,0.8210523812161561,0.780701345311047,0.7910917997261622,0.02691866036194976
397.2970112323761,2.4116651276819767,11.261541318893432,0.2407299824260596,"(100, 80, 50, 20)",0.6,150,"{'model__architecture': (100, 80, 50, 20), 'model__dropout_rate': 0.6, 'model__epochs': 150}",0.020096704720375145,0.0004827862888693961,0.00040699107485769637,0.0006392768068573693,0.0007593220684732688,0.004477043953737296,0.007810822936042106,70,0.024502091654158484,0.00048417511849548945,0.00040802360523930944,0.0006413906248945081,0.0007488689119897319,0.005356909982955506,0.009573329284947751,0.01851463664600078,0.5002413931444347,0.5002034955374288,0.5003196384034286,0.0006184251416575129,0.3039791360011357,0.2404538666381769,100,0.02420598442608135,0.5002420875592477,0.5002040118026196,0.5003206953124473,0.0006222748678582308,0.30511901079365084,0.2391088709841468,0.9703802758198116,0.6254160147191486,0.5556201135541217,0.7171544193347809,0.7268511479670763,0.7190848109575935,0.14050508188690214,86,0.9714716768742292,0.6251744019367375,0.5551854806033439,0.7170952542346966,0.7273426368146593,0.7192538900927332,0.14103424590171518
408.6845265388489,3.1687427942689004,11.746129417419436,0.16531396134127108,"(100, 80, 50, 20)",0.8,150,"{'model__architecture': (100, 80, 50, 20), 'model__dropout_rate': 0.8, 'model__epochs': 150}",0.0003668247749377162,0.00036173182934409363,0.0003617336723100516,0.0003617336723100516,0.0003617336723100516,0.00036275153150435916,2.036630920955487e-06,99,0.0003617332115668016,0.00036300645769382633,0.0003630059953305966,0.0003630059953305966,0.0003630059953305966,0.0003627515310504836,5.091597733310561e-07,0.5001834123874689,0.5001808659146721,0.500180866836155,0.500180866836155,0.500180866836155,0.5001813757657522,1.0183154604863657e-06,82,0.5001808666057834,0.5001815032288469,0.5001815029976653,0.5001815029976653,0.5001815029976653,0.5001813757655252,2.5457988665142176e-07,0.5,0.5,0.5,0.5,0.5,0.5,0.0,99,0.5,0.5,0.5,0.5,0.5,0.5,0.0
349.84855761528013,8.043739480463357,12.429281568527221,0.1412301063251509,"(100,)",0.2,150,"{'model__architecture': (100,), 'model__dropout_rate': 0.2, 'model__epochs': 150}",0.7687851508175563,0.7692957758083884,0.7844325621632686,0.7491515771354728,0.7878832270872117,0.7719096495713964,0.013758636915573785,2,0.9081413417939048,0.8884098486888402,0.9031301087480484,0.91599480239323,0.902161398485729,0.9035675000219504,0.009025305528068024,0.7683022824994191,0.7689248768108996,0.7840453616297582,0.7487626678779477,0.7876128256926059,0.7715295936709485,0.01379017789079682,5,0.9080964084034104,0.8883612441739145,0.9030841548839156,0.9159492684379557,0.9021140593265567,0.9035210270451506,0.009026458118673086,0.9803895460746388,0.9825800532450027,0.973387125603688,0.9668615753520337,0.985956266430525,0.9778349233824716,0.00685850277742777,4,0.9978284003386418,0.9968267884057289,0.99882274497675,0.998388490715184,0.99801739940926,0.9979767647691129,0.0006680283797762661
356.1653075695038,3.489656132069669,12.767836236953736,0.2059877947948924,"(100,)",0.4,150,"{'model__architecture': (100,), 'model__dropout_rate': 0.4, 'model__epochs': 150}",0.7657053761255229,0.7965211532149392,0.7919147348607506,0.7081670619532301,0.7555738177518032,0.7635764666894153,0.031708600726367345,3,0.8730566759702681,0.8514274721125911,0.8596911184709817,0.8725745680574426,0.8489261854381897,0.8611352040098946,0.01018200490701281,0.7652344971921441,0.7962037613060152,0.7915092810624692,0.7077461027329603,0.7550727236512661,0.7631533111076494,0.03173631823115269,6,0.8729936074851612,0.8513566880045493,0.8596132366742203,0.8725125552742022,0.8488580667824495,0.8610668308441165,0.010185345734572169,0.9829115424016472,0.9831665278485346,0.9738995218161768,0.9655844611720968,0.984310252819938,0.9779744765636386,0.0072331376325018345,2,0.9978747460073408,0.9944281712148368,0.9975323416194924,0.9971298364894022,0.9957394489631204,0.9965409088588386,0.0012817873870881028
363.5649353981018,6.166154651703629,13.160693168640135,0.1794436519278274,"(100,)",0.6,150,"{'model__architecture': (100,), 'model__dropout_rate': 0.6, 'model__epochs': 150}",0.6986141976110845,0.6564666794019759,0.6679570312102896,0.6601008823899449,0.6245474029609498,0.6615373091083717,0.023714728756232692,33,0.7549382840335556,0.6774699459484473,0.7200263687261759,0.8049986337948631,0.7381366010988987,0.7391139667203881,0.0418484774194245,0.7286155055168163,0.6989404872220768,0.6721597298542524,0.6632211161089447,0.6701776860202943,0.6866230030736403,0.024258538548256672,49,0.7876789092927031,0.7424492746393666,0.7488318705925913,0.8150984256657292,0.7831265190663209,0.7754369998513422,0.02675086790253277,0.9820086552580805,0.9806297559985692,0.9625207438631976,0.9666096843027728,0.9794846979597328,0.9742507297866516,0.008052947051970686,7,0.9953105227100506,0.9931603771317888,0.990192493667498,0.9955165143097312,0.9948107751316964,0.9937981365901528,0.00198358103394072
369.7355188369751,5.086276439874763,13.503433179855346,0.21944445457839235,"(100,)",0.8,150,"{'model__architecture': (100,), 'model__dropout_rate': 0.8, 'model__epochs': 150}",0.39670990897469066,0.13457618579749014,0.6150884762290191,0.21817486928745333,0.3115393276832677,0.3352176744643591,0.16530304043913072,62,0.4304464436960916,0.09294423275307344,0.5881480822577672,0.2600963339969752,0.3192152576284247,0.33817007006646643,0.16588817930992725,0.5775160175937079,0.5252292832977341,0.6907444989214971,0.5112637938390897,0.4702902603768314,0.5550087863297096,0.07603729644117134,64,0.645994078017792,0.5098727605873583,0.6840679705071712,0.5396442127275177,0.4771539995745819,0.5713466042828843,0.07991830029378724,0.9814586409024936,0.9789665226370224,0.9840574285749972,0.9700912938155112,0.9789911451215472,0.97871301206405,0.004702694033132735,1,0.9933265736552914,0.9815899957583571,0.9906437480096716,0.9877101287083816,0.9885579800658464,0.9883656852395096,0.003903246942466681
426.6408673286438,4.999299548621166,14.160623502731323,0.1607157353467054,"(80, 20, 10)",0.2,150,"{'model__architecture': (80, 20, 10), 'model__dropout_rate': 0.2, 'model__epochs': 150}",0.5793482974769647,0.6543856388861473,0.5417810031685077,0.5036542914783797,0.5368841177397546,0.563210795541406,0.0515220003538522,50,0.6616113889583102,0.6736578595895113,0.6491173998428692,0.6772920768855971,0.687832658012577,0.6699022766577729,0.013348872979760087,0.7455849627859813,0.7904904368072813,0.7396149833456809,0.7310322777541243,0.7363741286521912,0.7486193943503301,0.021460319559042304,11,0.8236645212347935,0.8326150881425877,0.8216923981177834,0.8378049715107391,0.8439163290062885,0.8319386616024385,0.008387883826832171,0.7985979801377571,0.8380153555848642,0.7816827470639153,0.7535167120271552,0.7746397039156748,0.7892905683627879,0.028330298571747774,67,0.8309840760230481,0.8368410300430144,0.8245607015988033,0.8385962811021559,0.843859649122807,0.8349683475779658,0.006632007223805489
434.20326390266416,2.63660954607234,14.555032444000243,0.1997176463534513,"(80, 20, 10)",0.4,150,"{'model__architecture': (80, 20, 10), 'model__dropout_rate': 0.4, 'model__epochs': 150}",0.0009090335206110724,0.21156830053679704,0.4231637343546321,0.28196648272874675,0.0008898469713870332,0.18369913550566214,0.16407793653230382,65,0.0009014613831718744,0.23538239908192565,0.4625064678676982,0.40373882186419263,0.0008939942407949961,0.22068462888755666,0.1943271610554933,0.5004545167603055,0.2326763972979988,0.6653298488492054,0.6409832413643733,0.5004449234856935,0.5079774896971481,0.1538534016388629,66,0.500450730691586,0.24939931224941456,0.7191327529874789,0.7018694109320964,0.5004469971203975,0.5342598407961947,0.1707060905244382,0.7983430764447752,0.5437414222705439,0.7712257151975797,0.66230401275578,0.7968512685646718,0.7144930959370723,0.09890620106836197,87,0.7994712196986591,0.5476330816848767,0.7819478144691899,0.7192886558249743,0.7970830477073899,0.7290847638770179,0.09528189606451304
438.2439098834992,2.1538263976176086,15.15243763923645,0.15410316907793964,"(80, 20, 10)",0.6,150,"{'model__architecture': (80, 20, 10), 'model__dropout_rate': 0.6, 'model__epochs': 150}",0.0008914531925167457,0.0008047605553981298,0.0008282104821118201,0.000700770847932726,0.0007949926659127299,0.0008040377276581074,6.159900891254124e-05,87,0.0008829774996191382,0.0008034324891184231,0.0008328487225269508,0.000704037469615225,0.0007979237184925121,0.0008042439798744498,5.847930805527423e-05,0.5004457265962584,0.500402380277699,0.5004141052410559,0.5003503854239664,0.5003974963329564,0.5004020188638291,3.079950445627716e-05,71,0.5004414887498095,0.5004017162445592,0.5004164243612634,0.5003520187348076,0.5003989618592463,0.5004021219899372,2.923965402762434e-05,0.7943625864520634,0.7753545999887874,0.7817192134797101,0.7419905609410518,0.7725910522613987,0.7732036479369202,0.017317472132812168,74,0.7952696460994491,0.7741897875322524,0.7821720992933466,0.7422849141083501,0.7726298568090252,0.7733092607684846,0.017461703430148242
458.8875874519348,2.6471304120035066,15.497758769989016,0.13403571966751152,"(80, 20, 10)",0.8,150,"{'model__architecture': (80, 20, 10), 'model__dropout_rate': 0.8, 'model__epochs': 150}",0.0003850143845652011,0.0003662720214604452,0.00040327619307273737,0.0003808604227014269,0.0005299733520441296,0.0004130791698795559,5.962701067731402e-05,94,0.0003799712345720306,0.0003675560232759688,0.00040433217093745476,0.0003818640054988417,0.0005323848787750291,0.0004132216626118649,6.075053808648065e-05,0.5001925071922826,0.5001831360107302,0.5002016380965364,0.5001904302113507,0.500264986676022,0.5002065395849398,2.9813505338659705e-05,77,0.500189985617286,0.5001837780116379,0.5002021660854687,0.5001909320027494,0.5002661924393875,0.5002066108313059,3.037526904324987e-05,0.5236306553792678,0.5062000846045248,0.5515249278819201,0.5251190075736726,0.6587820963681029,0.553051246664371,0.05481264246259405,94,0.5240078998502851,0.5061911891185933,0.5511227966453709,0.5247010165310527,0.6591333620445806,0.5530312528379766,0.05495497913787139
445.83670501708986,2.1258794520566933,16.66405577659607,0.1376994728294164,"(40, 20)",0.2,150,"{'model__architecture': (40, 20), 'model__dropout_rate': 0.2, 'model__epochs': 150}",0.6846988537561226,0.6687018060234766,0.7173778555165266,0.5325377052981116,0.6294748784490071,0.6465583201001279,0.06364423125669287,35,0.7704013326778026,0.7302642363209213,0.7181013739521575,0.7535214736486668,0.725164244397672,0.7394905321994442,0.01949465594725451,0.6840150279126144,0.6684023418970768,0.8307857144779621,0.6431711713734821,0.7551636208102234,0.7163074606705673,0.06826659694600454,26,0.7703585200695569,0.7302761785831547,0.8488037710747449,0.8600601742361272,0.8538511958449662,0.8126699679617099,0.05258587654304942,0.952061718547815,0.907576555573637,0.9049609830886276,0.8331425307089573,0.8360122509928843,0.8867509621021532,0.045780125549911566,42,0.9868712747930258,0.9808408020337532,0.9055620955383518,0.9402933876370227,0.8962423451017705,0.9419619810207848,0.03727312266516368
451.0280185699463,4.511866524697237,16.97534728050232,0.16552262207315227,"(40, 20)",0.4,150,"{'model__architecture': (40, 20), 'model__dropout_rate': 0.4, 'model__epochs': 150}",0.003397986105260609,0.003457387833504625,0.0037098449260653493,0.0034536356367281165,0.004212146055103422,0.003646199413096568,0.00030288156989785283,71,0.0037257139858580287,0.0036278465866418867,0.0041909049749359216,0.01073799715021258,0.004701929543395715,0.005396878448208828,0.0026976708240590195,0.4670496373305046,0.487671585314281,0.4596850904830953,0.4735994370391176,0.4669618835531124,0.4709935357010094,0.009430140654069451,94,0.501862856992929,0.5018139232933211,0.4951022315404118,0.5053689985751063,0.5006034946584046,0.5009503010120346,0.003329374752374424,0.9404504341503276,0.9459673482238542,0.9456711780217198,0.9315777697283668,0.9509041445804374,0.9429141730310868,0.006562714389679731,21,0.9516178765966936,0.9501328321600356,0.956691558093042,0.9520599448102052,0.9615355684382114,0.9544075560196376,0.004185500693106117
472.1636070728302,4.953254460404176,17.407745265960692,0.07994858171499311,"(40, 20)",0.6,150,"{'model__architecture': (40, 20), 'model__dropout_rate': 0.6, 'model__epochs': 150}",0.003221986557270459,0.003194381054841541,0.002111770837941396,0.0025506320209408954,0.0026129777214921354,0.002738351088795489,0.0004208151786707214,74,0.003489543656157079,0.0033798206916180445,0.0021599254257326696,0.0027124773960217,0.002856570111255889,0.002919667456157076,0.00048179182894223513,0.4669657922223997,0.4805203104942773,0.4940271929483372,0.4801672478328918,0.4731896753869234,0.47897402088058205,0.009034038231135631,92,0.5017447718280785,0.5016899103458089,0.5010799627128664,0.5013562386980108,0.501428285055628,0.5014598337280786,0.00024089591447110366,0.9398571689876282,0.9419387271146592,0.9143792245947884,0.9164937024366314,0.9287515866121164,0.9282841194479108,0.011427708996533231,30,0.9483311566272736,0.9464600388621668,0.9161189868837171,0.9332431647269586,0.9366197093368468,0.9361546112873924,0.011528999752173835
480.7811014175415,3.975394730812625,17.870272588729858,0.09138140212574324,"(40, 20)",0.8,150,"{'model__architecture': (40, 20), 'model__dropout_rate': 0.8, 'model__epochs': 150}",0.00216220629093879,0.0019440251598307247,0.002245278519382193,0.002302906152357031,0.002110939870265792,0.0021530710041609926,0.00012370241553449963,78,0.0022134239486236245,0.0020192012602972135,0.0023228519732016234,0.002510482364962475,0.002233192289609779,0.002259830367338943,0.00015972705265982002,0.4872165377747889,0.472846742972646,0.4870663195684609,0.4730150912083295,0.4799692206203448,0.4800227897771507,0.006355593616380366,91,0.5011067119743118,0.4869965117674164,0.5011614259866009,0.5012552411824812,0.5011165961448049,0.49832729741112297,0.005665636337676246,0.9146823677714524,0.9053884382095168,0.9192985656208128,0.9066739355431692,0.9140612920051115,0.9120209184955904,0.005230496794120022,38,0.9184378683145924,0.9093093811839827,0.9220151982732478,0.9278572575322428,0.9188769230377178,0.9192993256683568,0.0060221870669800994
