,mean_fit_time,std_fit_time,mean_score_time,std_score_time,param_model__architecture,param_model__dropout_rate,params,split0_test_AVG_PREC,split1_test_AVG_PREC,split2_test_AVG_PREC,split3_test_AVG_PREC,split4_test_AVG_PREC,mean_test_AVG_PREC,std_test_AVG_PREC,rank_test_AVG_PREC,split0_train_AVG_PREC,split1_train_AVG_PREC,split2_train_AVG_PREC,split3_train_AVG_PREC,split4_train_AVG_PREC,mean_train_AVG_PREC,std_train_AVG_PREC,split0_test_AU_PRC,split1_test_AU_PRC,split2_test_AU_PRC,split3_test_AU_PRC,split4_test_AU_PRC,mean_test_AU_PRC,std_test_AU_PRC,rank_test_AU_PRC,split0_train_AU_PRC,split1_train_AU_PRC,split2_train_AU_PRC,split3_train_AU_PRC,split4_train_AU_PRC,mean_train_AU_PRC,std_train_AU_PRC,split0_test_AU_ROC,split1_test_AU_ROC,split2_test_AU_ROC,split3_test_AU_ROC,split4_test_AU_ROC,mean_test_AU_ROC,std_test_AU_ROC,rank_test_AU_ROC,split0_train_AU_ROC,split1_train_AU_ROC,split2_train_AU_ROC,split3_train_AU_ROC,split4_train_AU_ROC,mean_train_AU_ROC,std_train_AU_ROC
0,210.66108012199402,0.7420315103363864,0.6235194206237793,0.025231293531646617,"(100, 80)",0.2,"{'model__architecture': (100, 80), 'model__dropout_rate': 0.2}",0.6777765071788944,0.7260391462624692,0.6376404780058269,0.5591546701840461,0.7044403230598766,0.6610103253689246,0.058850170486193995,14,0.8355338930560037,0.8080590576906328,0.8140904599372799,0.841906635064773,0.8404967540656128,0.8280173599628604,0.014124007106206492,0.6842900909355798,0.7266114460424283,0.6786097183128174,0.5765574535301863,0.7261255417960569,0.6784389111340207,0.0547880845419544,25,0.8471315634474924,0.8097209254732562,0.8813239572798682,0.8920424443186784,0.883449222368231,0.8627336225775052,0.03061866735916026,0.8910009581717269,0.8639481929726848,0.8327802354323488,0.8174952080401843,0.881751365660093,0.8573952672188833,0.028154633560309,39,0.9731738617606958,0.9569255879481458,0.9583814756391862,0.9788997413707659,0.9739785879905171,0.9682718509418622,0.008900627172616502
1,211.69312796592712,1.4730429203518864,0.6578691005706787,0.041553257470317295,"(100, 80)",0.4,"{'model__architecture': (100, 80), 'model__dropout_rate': 0.4}",0.6443404092689556,0.6707638633437574,0.6784717038129581,0.5672669118865269,0.6643278719921575,0.6450341768647465,0.04049824384234917,17,0.7386899886286358,0.7781523620984997,0.7769852080651792,0.8204353361674364,0.7585235895886424,0.7745572969096786,0.027081939761439733,0.7332090791863045,0.6841182983194251,0.6777494654989371,0.5669367106338931,0.7502288977329525,0.682448595422303,0.0640915358453028,22,0.8424602381512991,0.7974762293009439,0.776942089712202,0.8204165531083213,0.8356421537368592,0.814587452801925,0.024348052640124795,0.8348844516816988,0.8513915707160956,0.9647587265640465,0.9103298014030383,0.8180251914020233,0.8758778398607445,0.0542470074008309,33,0.9059599116695519,0.9161136894413268,0.9902309288267316,0.9794108055954832,0.8842099764118014,0.935185062388979,0.041957716489610976
2,211.324768781662,0.8149155356280288,0.7845514297485352,0.04560217767500174,"(100, 80)",0.6,"{'model__architecture': (100, 80), 'model__dropout_rate': 0.6}",0.11240102081964208,0.0062478975039700875,0.017117592347250146,0.22603728317506705,0.002613279027091459,0.0728834272094595,0.08660910294925762,36,0.2148490981919982,0.006901448866829739,0.010393430967686959,0.29138388019385364,0.013484461179172624,0.10740246387990826,0.12142959976084919,0.44511496166364894,0.4750515030745835,0.09195307080340287,0.5989411381658075,0.4521103177018775,0.4126343280764321,0.16973834895911277,57,0.5817353336858184,0.5016990708122465,0.09803541614490506,0.6342972717706048,0.5067422305895863,0.46450186460063225,0.18975758487204053,0.88006745851745,0.9681631148821914,0.9368814796980408,0.8337985313797098,0.927425120737575,0.9092671415490204,0.04713623779127682,28,0.9064371666241197,0.9733127320259685,0.94702876145393,0.857731685838868,0.9400857474677257,0.9249192186821225,0.03979079900826832
3,214.57417325973512,1.4172183487270997,0.8846764087677002,0.044700990527610125,"(100, 80)",0.8,"{'model__architecture': (100, 80), 'model__dropout_rate': 0.8}",0.0031277883373113814,0.004223674535729418,0.003291243678786925,0.0033871773911384835,0.0031935461256463985,0.0034446861616692745,0.00039929236607191344,40,0.0033654074038962888,0.00449996335793088,0.0035040903877458884,0.0038257601181287335,0.003471831219349591,0.0037334104974102765,0.0004129332751576856,0.4738326613985845,0.48104404826082187,0.46651825413512565,0.4595212672752334,0.0016597437380210893,0.3765154997989775,0.18756532350564623,59,0.0016827037019481444,0.49700705473641327,0.4860081624435298,0.5019128800590643,0.0017418759132137467,0.2976705353708339,0.24170379106349846,0.9368900645180287,0.955426027857759,0.9431145448883632,0.9312302979062105,0.9410413789014219,0.9415404674860751,0.008043154286142242,17,0.9464179912719396,0.959742747433359,0.9477560094781987,0.9527220046226806,0.9478740398866375,0.9509025585385631,0.004912094533534444
4,240.77170052528382,2.910535754167909,1.079948902130127,0.06712541447631577,"(100, 80, 40)",0.2,"{'model__architecture': (100, 80, 40), 'model__dropout_rate': 0.2}",0.6746953936627434,0.7465245707908187,0.6756615564385362,0.6108836591923061,0.6652614933824037,0.6746054081600782,0.0431769785724711,10,0.7963789272847793,0.7744625105946835,0.7681782599117079,0.8156368819639779,0.7342368267991642,0.7777786813108626,0.027489163976228314,0.6743727676320772,0.7464232463985547,0.7432515890281332,0.6104147686385794,0.6646282266992471,0.6878181519952041,0.05141446628923237,20,0.7963380614354529,0.7747084350684866,0.8193886484694064,0.815609166816249,0.7341772445401945,0.788044311265958,0.03127485091794371,0.9520935372676135,0.9692840925332022,0.7689426878591098,0.9411113326852649,0.9847570740898507,0.9232378506127074,0.07856704837770452,23,0.9898759210248269,0.9635256088489947,0.8220427247680019,0.9934603741198015,0.9871015571179684,0.9512012371759188,0.06542814419278373
5,244.44469919204712,0.540897831252353,1.200237226486206,0.042434736310780694,"(100, 80, 40)",0.4,"{'model__architecture': (100, 80, 40), 'model__dropout_rate': 0.4}",0.6966899261197179,0.6234408090496162,0.7054671587434093,0.658305316338576,0.6799930213005325,0.6727792447645214,0.029448394832360357,11,0.7601374742314343,0.6355825671856852,0.7696547144086352,0.8028716287870286,0.765913520888293,0.7468319811002152,0.05758279721063361,0.6965005212555325,0.6232110259199088,0.716389622273136,0.6576154837380631,0.685637759991853,0.6758708710189074,0.032462484811670266,26,0.7601839841259617,0.6356181802249521,0.7806212065807445,0.802807010111151,0.7710994248642197,0.7500659611814059,0.05892082282569177,0.9527739411268031,0.9050482542259013,0.8870098156392972,0.9671632846937388,0.9007813432074051,0.9225553715229516,0.031455103300101886,24,0.977396163045229,0.884604284897572,0.8979610409566254,0.9930887955005873,0.9188096223898728,0.9343719813579773,0.04322848986826494
6,244.79782490730287,2.080534074876315,1.3044562816619873,0.06325907324981256,"(100, 80, 40)",0.6,"{'model__architecture': (100, 80, 40), 'model__dropout_rate': 0.6}",0.16697235397911478,0.2819499763844584,0.3178275727903791,0.2115529166992868,0.5854852803883153,0.3127572915562407,0.14618537723956754,32,0.14748000787188098,0.2564103767334425,0.36342668922325455,0.2599178746140869,0.654483944936766,0.33634377867588616,0.1731164006743904,0.5834861769895572,0.6409749881922291,0.5183060559992914,0.6057764583496434,0.584966276703464,0.5867020399955158,0.04000185563795904,31,0.5634645817652589,0.6282051883667213,0.56828369518489,0.6299589373070434,0.654607754483989,0.6089040314215806,0.036385242404258264,0.5833333333333334,0.6408450704225352,0.5633771590738276,0.6056338028169014,0.9870130746457482,0.6760402632648839,0.15759893708540676,57,0.5739430832117863,0.6280701754385964,0.5754393386380737,0.6298245614035087,0.9912911258327413,0.6797136569049413,0.15766866390045237
7,247.4217221736908,1.3134283981297832,1.5145219802856444,0.05949414448190179,"(100, 80, 40)",0.8,"{'model__architecture': (100, 80, 40), 'model__dropout_rate': 0.8}",0.0013357110780217864,0.0008655158962356154,0.0009432959557846628,0.0009406342383206387,0.0009373679763413603,0.0010045055622904821,0.00016813662446421888,55,0.0013451555454511007,0.0008642596781921507,0.0009503769828698717,0.0009637592698424507,0.0009420335363938957,0.001013117002549894,0.000169607459738729,0.4937295483590684,0.5004327579481178,0.5004716479778923,0.49343072953144157,0.5004686839881707,0.4977066682336201,0.003370654797304201,46,0.5006725777727256,0.5004321298390961,0.5004751884914349,0.5004818796349212,0.5004710167681969,0.5005065585012749,8.48037298693626e-05,0.8615371421792064,0.7911364018612995,0.8083723229666779,0.8015035361655679,0.8071593121515143,0.8139418168230987,0.024564815952664368,50,0.8656745134265601,0.7900952441627114,0.8091322152935809,0.8117850326059535,0.8074401204853051,0.8168254251948224,0.025586758214383058
8,227.09770822525024,1.7847784736589611,1.6139582633972167,0.09186167315426233,"(100, 40)",0.2,"{'model__architecture': (100, 40), 'model__dropout_rate': 0.2}",0.7327714714405972,0.7197955331986182,0.6719574376804023,0.5756287042834333,0.6447323799807879,0.6689772871074154,0.05650283648488987,12,0.8217917371731448,0.8055753124949478,0.7833417427850039,0.8613514919266683,0.7961856593787872,0.8136491887517104,0.026946296368830728,0.7328907147228007,0.734793772408341,0.6854888271766899,0.5754074899686744,0.6743022356146967,0.6805767698361173,0.057966023183003416,24,0.8221761046216913,0.8300571831249572,0.8000179438533994,0.8613419654863769,0.8369266850915691,0.8301039764355987,0.019951862123569395,0.8860391491299158,0.859653432990467,0.8223259313687699,0.8130875812759599,0.8326250737045126,0.8427463391496981,0.02668033687678864,40,0.9712052027387463,0.9390287096072931,0.9178746268979678,0.9748472708734499,0.9412726682830267,0.9488456956800967,0.021396076880863712
9,226.77528047561646,1.8304069200182995,1.701448631286621,0.0524553315462912,"(100, 40)",0.4,"{'model__architecture': (100, 40), 'model__dropout_rate': 0.4}",0.6186197271703058,0.713379821149529,0.667497144644042,0.5559321951304842,0.633063094436559,0.6376984347419133,0.05231983909421174,19,0.7420573566004888,0.7746635027106192,0.7525377318819645,0.7948675148107979,0.7470686463367859,0.7622389504681313,0.019751157991481985,0.6719594464229488,0.713906491855476,0.742774412519242,0.5620460410338668,0.651308089550133,0.6683989499031312,0.06199727996235591,28,0.7907575805690493,0.7757306147176567,0.8557505997195001,0.8001290819930142,0.7637220038930133,0.7972179761784467,0.03181184096837331,0.8651764392254666,0.924588482543264,0.8890562060886569,0.8339546621953673,0.8300867455633364,0.8685725572805868,0.03535095680785404,37,0.9152032165598952,0.9361428075652132,0.9317348384429026,0.9342136759691196,0.8800884974347428,0.9194766071943746,0.02104705548130926
10,230.3058723449707,2.6311573652291194,1.8016722202301025,0.06973685499651591,"(100, 40)",0.6,"{'model__architecture': (100, 40), 'model__dropout_rate': 0.6}",0.26470236243863876,0.6354509094277876,0.41802983193904775,0.21216326933130245,0.2223713001905085,0.3505436500377973,0.16041984552507163,31,0.36692240658763653,0.6053599027388117,0.4568533030333177,0.365675736075468,0.28836352181340674,0.41663497404972816,0.10840328542284784,0.6045972134926183,0.7908985790914221,0.6562692879971789,0.5849727169754431,0.5732004782653626,0.6419877307003201,0.07969803316155916,29,0.6729076657963455,0.7844065709205457,0.7152502226651157,0.682837868037734,0.6441817609067034,0.6999168176652889,0.0479608445942434,0.8719972897104702,0.9208509452183189,0.8589437402166996,0.8692784157725576,0.8346758071029974,0.8711492919767728,0.028120329699614022,34,0.8977717738277529,0.9109625153892279,0.8588498373603072,0.904191759389197,0.8571388133367007,0.8857829398606372,0.023075986629995784
11,232.71328377723694,2.5531429614106025,1.94053955078125,0.05491741434553522,"(100, 40)",0.8,"{'model__architecture': (100, 40), 'model__dropout_rate': 0.8}",0.00335567130990045,0.0019367999570584279,0.0025026101112274927,0.002833274293744977,0.0023251665555826663,0.002590705338145917,0.00047955836428785324,45,0.003691612175418781,0.0019713769895344092,0.002560163850486431,0.0031304920913884007,0.0024661872744736637,0.0027639664762603372,0.0005921610638111359,0.4600968147857676,0.4939368489703525,0.4942211081232922,0.46626408865391133,0.4800746963517225,0.4789186883222586,0.013967456095231005,55,0.4965819537938723,0.5009856884947672,0.5012800819252432,0.5015652460456942,0.5012330936372368,0.5003292127793627,0.001882649263275082,0.9393782954849839,0.9063338323990536,0.9272766349480633,0.9224535925377655,0.9210688019332369,0.9233022469323088,0.010657138867527444,22,0.9510995386519736,0.9080788710859109,0.9292607533389566,0.942181451684832,0.926558243483269,0.9314357716489884,0.01467105423444592
12,281.8441563129425,0.35079373387422197,2.093200445175171,0.0653545133127358,"(100, 80, 50, 20)",0.2,"{'model__architecture': (100, 80, 50, 20), 'model__dropout_rate': 0.2}",0.6691109820526424,0.664856990839206,0.6648504024726383,0.5638208461854772,0.5805119650025434,0.6286303567212167,0.046429698412325346,22,0.7777292527174082,0.7603098321795367,0.7712427535429154,0.7866429823189895,0.7364562279867679,0.7664762097491234,0.01729319605516438,0.808688232931593,0.8086498762392647,0.7873136810092807,0.740342236323986,0.7708798042738151,0.783174844108491,0.025701518940015895,1,0.8842632827799307,0.8784721949159406,0.8784120246706937,0.8832683819398479,0.8643312958282012,0.8777494360269229,0.007125964552627536,0.8402691771671981,0.838020488134944,0.8380157144409733,0.7887209088809075,0.7957695153110852,0.8201592199698934,0.022915115061731883,48,0.8890830870612135,0.880701159773578,0.8859636850559477,0.8947333414969486,0.8684199170574897,0.8837802380890354,0.008925002046031758
13,284.91785287857056,1.0898342125575868,2.2320152759552,0.06575053101437835,"(100, 80, 50, 20)",0.4,"{'model__architecture': (100, 80, 50, 20), 'model__dropout_rate': 0.4}",0.5596477910238559,0.7132353945483046,0.6363084029472498,0.44730830395799753,0.7098407647903637,0.6132681240421963,0.10026795411028883,23,0.6298054426487976,0.6293659866649753,0.6937637930466194,0.6866877284405533,0.714051386442532,0.6707348674486955,0.03477857995235515,0.7453020053099702,0.848648020047772,0.7829370739613666,0.7056415384411802,0.8251127038485926,0.781528262887866,0.05191874777703646,2,0.805969844212892,0.8019895619317671,0.8389990391491939,0.8411907244317389,0.8488295953976328,0.8273957530246449,0.019436518197136862,0.791657252006526,0.8591522017886111,0.8309747889290833,0.7253487388147526,0.8732285971929761,0.8160723098870952,0.05323839921325144,49,0.8168989363826062,0.8157861250776097,0.8473662035536226,0.8438589874497155,0.8578922846279795,0.8363605074183067,0.016988395662275634
14,288.64676389694216,2.3525493879559285,2.4475003719329833,0.06820757501365642,"(100, 80, 50, 20)",0.6,"{'model__architecture': (100, 80, 50, 20), 'model__dropout_rate': 0.6}",0.0005320799893584002,0.038679967607811616,0.0005523357579057918,0.000489257018426384,0.0005077122201325772,0.008152286095966568,0.015263875181731192,38,0.0005262777523492557,0.031007975357281663,0.0005539315534961827,0.0004906306756070479,0.0005091058493582587,0.0066175842376184815,0.01219521337010696,0.5002660399946792,0.03766843420008839,0.5002761678789529,0.5002446285092131,0.5002538561100663,0.4077416368046442,0.18503683729353243,58,0.5002631388761746,0.03061306765938494,0.5002769657767481,0.5002453153378035,0.5002545529246791,0.406330608114958,0.1878587705168334,0.6553486878653667,0.9837035433331154,0.6726043036400517,0.6303706308675575,0.6438131351742556,0.7171682057828411,0.1339877548238332,55,0.6563851814098685,0.9848272488950213,0.6723993598581086,0.6301090942450938,0.643538822618007,0.7174519414052198,0.13441752967120368
15,293.3040139198303,1.3435768890358044,2.5593214988708497,0.04469447831294002,"(100, 80, 50, 20)",0.8,"{'model__architecture': (100, 80, 50, 20), 'model__dropout_rate': 0.8}",0.00036682477493771623,0.0003617318293440936,0.0003617336723100516,0.0003617336723100516,0.0003617336723100516,0.00036275153150435916,2.0366309209554867e-06,60,0.00036173321156680155,0.00036300645769382633,0.00036300599533059655,0.00036300599533059655,0.00036300599533059655,0.00036275153105048356,5.09159773331056e-07,0.5001834123874689,0.500180865914672,0.500180866836155,0.500180866836155,0.500180866836155,0.5001813757657522,1.0183154604863657e-06,42,0.5001808666057834,0.5001815032288469,0.5001815029976653,0.5001815029976653,0.5001815029976653,0.5001813757655252,2.545798866514217e-07,0.5,0.5,0.5,0.5,0.5,0.5,0.0,60,0.5,0.5,0.5,0.5,0.5,0.5,0.0
16,270.8700448036194,2.1564489015209842,2.726138639450073,0.05809419740327534,"(100, 40, 20)",0.2,"{'model__architecture': (100, 40, 20), 'model__dropout_rate': 0.2}",0.6072876428528515,0.7673772004921882,0.6515079254316204,0.5389353122021083,0.6146534824788323,0.6359523881922886,0.0751027166386079,21,0.7320073863675232,0.7802909009313105,0.768247628879601,0.7925097813519908,0.736618577437745,0.761934854993634,0.023867085897000654,0.7931580312460385,0.7676464790766424,0.7899250580770553,0.7160855013607614,0.7925271476258824,0.7718684825619307,0.029446979490277397,5,0.8620091270514241,0.7810913426606457,0.8814098905299887,0.8941794525572795,0.8645668937823319,0.856651341316334,0.03955254765031061,0.8055537150956784,0.9633976318629284,0.8380164681759456,0.7675947225917917,0.8098580063810485,0.8368841738851797,0.0671118458772412,42,0.8661960345515259,0.9544543788675652,0.8842097171074818,0.8964915991435983,0.866667086918495,0.8936037633177332,0.03248431388935346
17,275.35710015296934,2.4829933165574034,2.8846803665161134,0.092617505319025,"(100, 40, 20)",0.4,"{'model__architecture': (100, 40, 20), 'model__dropout_rate': 0.4}",0.5853250347213113,0.6058266491522798,0.62925296551613,0.4949704330568951,0.5868738364371241,0.580449819570305,0.04560145503633137,25,0.6655559436851577,0.6887590527493128,0.7295739520876323,0.7278037292660302,0.7028976605568239,0.7029180676689915,0.024191894327611242,0.773267327638204,0.7729087179312145,0.7616869735435549,0.696382400682232,0.7669015933534915,0.754229460461265,0.029236371973625302,8,0.815295782812832,0.8373100727270721,0.8501507724973911,0.8527559084256001,0.8409211839166073,0.8392867440759005,0.013278481444520663,0.7986071470436835,0.8098503255077618,0.8239260389303397,0.7535086362953107,0.8028096511958617,0.7977403739006741,0.023728580275590674,51,0.8309822634722104,0.8421041633485172,0.866661900832103,0.868417192126752,0.8543827549036346,0.8525096549366434,0.014342574003853638
18,279.4255871772766,2.4076026658339624,3.095305919647217,0.07799495241108008,"(100, 40, 20)",0.6,"{'model__architecture': (100, 40, 20), 'model__dropout_rate': 0.6}",0.0005910990337172741,0.001074780502573418,0.1395317581820832,0.05656425665720312,0.0008621841188114003,0.03972469656407215,0.05437011625266652,37,0.0005839320007072979,0.0010750214061279993,0.11185024062326507,0.031800722435581484,0.0008647841680776303,0.029234940126751895,0.043013016990431606,0.5002955495168586,0.5005373902512867,0.1385751672703122,0.10585263028323759,0.5004310920594057,0.34913882819427544,0.18557170082917185,60,0.5002919660003536,0.500537510703064,0.11237070881988329,0.04934257591090369,0.5004323920840388,0.33259503070364865,0.20650763843822983,0.6897791618036053,0.8318383136177608,0.9724402550179727,0.2738615622872942,0.7903275129200942,0.7116494390277442,0.23697392632165454,56,0.6903296913324627,0.8312834071289777,0.9727479006297564,0.22178985164261017,0.7902229283943193,0.7012747558256252,0.25633464960595015
19,279.87589917182925,3.416156765522101,3.2057027339935305,0.07252910130050426,"(100, 40, 20)",0.8,"{'model__architecture': (100, 40, 20), 'model__dropout_rate': 0.8}",0.0004454535893041644,0.00036343161343161345,0.00045221201737513216,0.00045654172855700664,0.00036986294233784636,0.0004175003800736611,4.172112130198425e-05,59,0.00044050266938413385,0.00036468050149327067,0.00045327310897639797,0.00045703399370736355,0.00037121458808205796,0.0004173409723286448,4.0752637001797913e-05,0.5002227267946521,0.5001817158067158,0.5002261060086876,0.5002282708642785,0.5001849314711689,0.5002087501900367,2.0860560650985046e-05,41,0.5002202513346921,0.5001823402507466,0.5002266365544882,0.5002285169968537,0.500185607294041,0.5002086704861644,2.037631850089862e-05,0.5882894086347582,0.5023393660776629,0.6000759405930501,0.6038704219035096,0.5109935475979328,0.5611137324544726,0.044835608625635286,59,0.5894409581753894,0.5022960532602809,0.5996087030755861,0.6029049751155033,0.5110604133909937,0.5610622206035508,0.04471161663600335
20,285.9702189922333,2.6759465195587753,3.4260440826416017,0.10770092523775472,"(80, 40, 20)",0.2,"{'model__architecture': (80, 40, 20), 'model__dropout_rate': 0.2}",0.7479461337557901,0.6265921773974689,0.7230928813939129,0.6220432754683403,0.5941382006285472,0.6627626704706955,0.060945339705816996,13,0.8021951639687677,0.6973663742588977,0.7877768131401313,0.8062744190096254,0.7367070385220971,0.7660639617799039,0.04236739319523496,0.7476313577298415,0.773144699182821,0.7224714184430178,0.6216652223649265,0.7823167285022555,0.7294459668328525,0.05779429096309962,11,0.802159663527342,0.8449486666823475,0.7879931620673366,0.8062566131250413,0.8639931957438924,0.821070260229192,0.028578684080610078,0.9773269500521842,0.8098503255077618,0.954461342943239,0.9622078002811935,0.8028127379200333,0.9013318929971607,0.07794712690598209,30,0.989919426731446,0.8473680030356526,0.9587126720813879,0.9897715824014808,0.8684201517726066,0.9308383672045147,0.0609983731468834
21,287.71736788749695,2.144764571661696,3.530893850326538,0.05755834010361467,"(80, 40, 20)",0.4,"{'model__architecture': (80, 40, 20), 'model__dropout_rate': 0.4}",0.5657477582465912,0.5068399096760564,0.5475903731153892,0.4759686455495128,0.3862226088893521,0.4964740108333767,0.06339560881663807,27,0.6083879793067272,0.6024177587594999,0.6474481666618827,0.7106845765756078,0.5822075127238281,0.6302291988055091,0.0454448194339517,0.7708730837146375,0.7465627455160301,0.7162497029748379,0.7152607084283242,0.6403773004397249,0.7178648454843619,0.04392529106543943,14,0.798676085853667,0.7983085130636286,0.8121560539286583,0.8493170745259051,0.7844230243779826,0.8085761503499682,0.022178583178532923,0.7847192491716515,0.7535197987580952,0.7746342483101621,0.7394334612098552,0.6760509542069394,0.7456716299049304,0.038238960037713224,54,0.8028159682139601,0.8017536304048114,0.8228046145081394,0.8543852004116144,0.7859645725026279,0.8135447972082307,0.023530792299574374
22,290.60665183067323,1.887259673713625,3.7588745594024657,0.052215668415859916,"(80, 40, 20)",0.6,"{'model__architecture': (80, 40, 20), 'model__dropout_rate': 0.6}",0.0010207843026058354,0.0010669151126271657,0.0008981998051791972,0.001174504970968222,0.0010276451005934288,0.0010376098539664933,8.878796675558534e-05,53,0.0010111871479537703,0.001066524962297407,0.0009042738839356538,0.0011708495437795024,0.0010315659170621002,0.0010368802910056866,8.613873297314103e-05,0.5005103921513029,0.5005334575563136,0.5004490999025896,0.5005872524854841,0.5005138225502967,0.5005188049269833,4.439398337779596e-05,36,0.5005055935739768,0.5005332624811487,0.5004521369419678,0.5005854247718897,0.500515782958531,0.5005184401455028,4.306936648658057e-05,0.8204396377295408,0.8305972773652316,0.7987421383647799,0.8461311071017197,0.8241159801433187,0.8240052275915618,0.01538801982382419,46,0.8212505972669066,0.82993788424171,0.7993918397198869,0.8451070683183279,0.82416866923369,0.8239712117561044,0.01479129389552143
23,293.4913310050964,1.7788539029899677,3.7990012645721434,0.06498230797176392,"(80, 40, 20)",0.8,"{'model__architecture': (80, 40, 20), 'model__dropout_rate': 0.8}",0.0004483662654203745,0.00036211372411014376,0.0005200588911758458,0.0006192382497361696,0.0003916874003541737,0.00046829275735737574,9.274010697744334e-05,58,0.0004427931516738049,0.00036333642275531396,0.0005211990870786517,0.0006214295059090314,0.0003936415155060227,0.0004684799365845649,9.326160868685537e-05,0.5002241831327102,0.500181056862055,0.5002600294455879,0.500309619124868,0.5001958437001771,0.5002341463786787,4.6370053488704275e-05,40,0.5002213965758369,0.5001816682113777,0.5002605995435393,0.5003107147529545,0.500196820757753,0.5002342399682922,4.66308043434362e-05,0.5909651541484249,0.5005275041155515,0.6522736307758172,0.7079956780118855,0.5382506141504337,0.5980024025751481,0.07505332048828006,58,0.5915656356512599,0.500454241391393,0.6518139052477874,0.7080021558918792,0.5389270997647886,0.5981526075894216,0.07488988965514315
24,276.3961035251617,1.7052228969196048,3.9890268325805662,0.11089902093130433,"(100, 10)",0.2,"{'model__architecture': (100, 10), 'model__dropout_rate': 0.2}",0.6920277709404039,0.6891203071395772,0.6616458974560687,0.5687521017288004,0.690133231285354,0.6603359556262737,0.04713827833509657,15,0.7536371201100908,0.7225448632974375,0.7331968683870556,0.7509889329854196,0.8133147555760037,0.7547365080712014,0.03145448179388597,0.8200096187475625,0.8207941572605694,0.7602121555912956,0.7162141963188687,0.6895292146159328,0.7613520486168422,0.05323782321814409,6,0.875106562110186,0.8573579570581572,0.8531982897282282,0.8731843797298324,0.813363739719043,0.8544421856690894,0.02225207412123995,0.9016264993377175,0.8726214847684937,0.8878624693534951,0.8628896863644172,0.9652737070107256,0.898054750730279,0.03610663191128484,31,0.9170049302280091,0.8907913609079243,0.9245648325848606,0.9298900156257677,0.9831048348139834,0.9290711948321089,0.030171352122984742
25,280.83137249946594,1.4310257192038045,4.1020551204681395,0.07114495400187544,"(100, 10)",0.4,"{'model__architecture': (100, 10), 'model__dropout_rate': 0.4}",0.0011017428960536182,0.0009329829172141918,0.0009766565332819787,0.0011578792870072898,0.0010027682051861476,0.001034406001630052,8.294877492705329e-05,54,0.001092744790223782,0.0009318567490951181,0.0009808105280546225,0.00115493094728652,0.0010091925043554625,0.001033907103803101,7.994119928163919e-05,0.5005508714480268,0.5004664914586071,0.500488328266641,0.5005789396435036,0.500501384102593,0.500517203000815,4.14743874635164e-05,37,0.5005463723951119,0.5004659283745475,0.5004904052640273,0.5005774654736432,0.5005045962521777,0.5005169535519015,3.997059964082732e-05,0.8336476272508117,0.806253089848986,0.8149241103737908,0.8439191462034801,0.8197481218719102,0.8236984216094055,0.013452116526681605,47,0.8346051667569203,0.8053349472812411,0.8150602808775448,0.8429696518718799,0.820266530415659,0.823647315440649,0.01351988822594344
26,283.39972472190857,2.505868621803326,4.313153505325317,0.06917209402535134,"(100, 10)",0.6,"{'model__architecture': (100, 10), 'model__dropout_rate': 0.6}",0.0008158917583600576,0.0007906282710852765,0.0008036219581211093,0.0008923073056089683,0.0008901928333207954,0.0008385283303587204,4.3787376134702445e-05,56,0.000807370955682726,0.0007891501545072934,0.0008093325987811735,0.0008931985282595479,0.0008955336437849966,0.0008389171762031473,4.582369972263893e-05,0.50040794587918,0.5003953141355426,0.5004018109790606,0.5004461536528045,0.5004450964166604,0.5004192641651793,2.189368806735862e-05,38,0.5004036854778413,0.5003945750772536,0.5004046662993906,0.5004465992641298,0.5004477668218925,0.5004194585881016,2.2911849861347655e-05,0.775301085078514,0.771335885060166,0.7750349122860667,0.7974119038153777,0.7969302671681804,0.7832027824865162,0.011491879566452184,52,0.776080654923072,0.7700997037556143,0.7758375741884189,0.796902115883011,0.7974321696783746,0.7832704436856981,0.011548038549531372
27,287.5160454273224,1.240942616740477,4.397380542755127,0.0675048175084663,"(100, 10)",0.8,"{'model__architecture': (100, 10), 'model__dropout_rate': 0.8}",0.0006962778148481244,0.0007983268867500225,0.0008012097138214318,0.0008513904044703992,0.0008352941176470589,0.0007964995851237975,5.40148186244432e-05,57,0.000689004315981261,0.0007970846280131896,0.0008054283041636404,0.0008519771849478052,0.0008396750899336214,0.0007966339046079036,5.757967571304662e-05,0.500348138907424,0.500399163443375,0.5004006048569107,0.5004256952022352,0.5004176470588235,0.500398249792562,2.7007409312242104e-05,39,0.5003445021579906,0.5003985423140066,0.5004027141520818,0.5004259885924739,0.5004198375449668,0.5003983169523039,2.8789837856510017e-05,0.7366684165192883,0.773542738026676,0.7743570533011224,0.7876670438212898,0.7835718581490881,0.7711613540956417,0.01806716243714584,53,0.7375816264772401,0.7723900232535915,0.7747500719904794,0.7870668148099069,0.7839444666715935,0.7711466006405623,0.017654331991297623
28,270.8288519382477,2.0647225858157925,4.521489810943604,0.04683062498385368,"(100,)",0.2,"{'model__architecture': (100,), 'model__dropout_rate': 0.2}",0.7895033721115937,0.8232523263245247,0.7860793048245558,0.7213088699840696,0.7617327353207473,0.7763753962331712,0.03379550707980021,1,0.9074827332331584,0.8852670248719937,0.899877495183147,0.9081426574323267,0.8945841712047204,0.8990708163850692,0.008536791210284377,0.7892644352369764,0.8229638812370719,0.7854362927942694,0.7208748991011263,0.7613602548630761,0.7759800275943267,0.03383396941025888,3,0.9074296449846846,0.885204390743513,0.8998296018773729,0.9080884247064788,0.894533059945062,0.8990170244514223,0.00853952641005859,0.9758836755739262,0.9880758299459101,0.9776574290344168,0.9660660619271525,0.9839197463200864,0.9783205535344119,0.007524184083605741,4,0.9986904858578413,0.9979122712013685,0.9987814217038877,0.9988270413810799,0.9986247258918626,0.998567189207208,0.00033491755505222614
29,271.3819767951965,0.5265178711519483,4.691164541244507,0.11786775391876235,"(100,)",0.4,"{'model__architecture': (100,), 'model__dropout_rate': 0.4}",0.7593842770216784,0.7584232247631002,0.7455566543752233,0.7117767427771216,0.7621820175675486,0.7474646187589071,0.018740504998973787,5,0.8700392123251898,0.8512095740823536,0.8440268199229354,0.8735137970407649,0.8624718201223498,0.8602522446987187,0.011150016340205847,0.759102703300434,0.7580366784779231,0.7445718014363955,0.711314605539143,0.761768883346851,0.7469589704561329,0.018792208165683014,10,0.8699709498938915,0.8511421616753111,0.8439393408393411,0.8734493868143464,0.8623956490343153,0.8601794976514411,0.011156074194723198,0.9751043116028819,0.9808878191809067,0.9779006341854272,0.9637034976030512,0.9830404606368731,0.9761273474077152,0.006767508320663508,9,0.998419114694538,0.9953267266532209,0.9967850779842093,0.9971024620006286,0.9970333126918154,0.9969333388048826,0.0009848158512638845
30,276.30598030090334,1.5381029435337892,4.726727867126465,0.05158522217424437,"(100,)",0.6,"{'model__architecture': (100,), 'model__dropout_rate': 0.6}",0.7202232072314169,0.7051509656399957,0.7376187498828275,0.6753650418942302,0.7205634501356082,0.7117842933956342,0.020909639815476597,6,0.785887333598581,0.741564024610698,0.7802745840233473,0.8166822949215609,0.7995204046079434,0.784785728352426,0.024996724884944407,0.7257904088618293,0.7121723473871276,0.7366749302781214,0.677789469383707,0.7230452648432132,0.7150945029707899,0.020216485087603955,15,0.795400165674794,0.7686579240739881,0.7944611427377086,0.8213129138369047,0.8054485553963829,0.7970561403439557,0.017174158743284203,0.9768361135603385,0.9783570771799861,0.9690845910298647,0.9553547701302154,0.976959255097366,0.9713183798165513,0.00862130144850396,12,0.9944041642906847,0.9926813050847743,0.9922804522857475,0.9945714417154751,0.9932111267841199,0.9934296980321603,0.0009145265777665261
31,271.45540351867675,1.9672372989839872,4.8977532386779785,0.07774500723135787,"(100,)",0.8,"{'model__architecture': (100,), 'model__dropout_rate': 0.8}",0.4260633226435911,0.5723870059293968,0.5999930160942402,0.5593706961894065,0.5562628174180314,0.5428151638548951,0.06038179480264777,26,0.4677132451153678,0.5308836813910875,0.6112114173455174,0.6417437450978085,0.6068659235877865,0.5716836025075136,0.06353445714192023,0.5660056337926912,0.6693602086272475,0.6427568022617403,0.6028669842059052,0.6322503331334256,0.6226479245691551,0.03543520852877937,30,0.6358202661656576,0.6776772667807877,0.6884352557125398,0.7063815434265293,0.6765459602404698,0.6769720584651968,0.023196860066622135,0.9786700964344347,0.9824814580347272,0.9775764204709825,0.9654847886950665,0.9782304829660922,0.9764886598723592,0.005761499302806617,8,0.9920712610642993,0.9888305840893126,0.9916013521557868,0.9925403378046787,0.9910705629197237,0.9912228196067602,0.001291895264259084
32,298.2409219264984,2.1908341823357946,5.042270088195801,0.13543328997607373,"(40, 20)",0.2,"{'model__architecture': (40, 20), 'model__dropout_rate': 0.2}",0.7013667197615183,0.7162714132174577,0.6702932632566944,0.5171426683059073,0.582892010082556,0.6375934250610908,0.07593043239306085,20,0.7648087074695802,0.7607125497959983,0.7357983919040728,0.7602416333961899,0.7766341310910941,0.759639082731387,0.013307521381899529,0.8050217183449653,0.7277667991023079,0.750969493724631,0.6581146444952601,0.5823167694911361,0.7048381125630551,0.0773112662319347,17,0.8664532524714252,0.7730683689493144,0.804693698492523,0.8645584502188677,0.7765764363921146,0.817070041304849,0.04104364407951215,0.8995863495639242,0.85444385876744,0.9040885886965884,0.806623621939172,0.8825709627119414,0.8694627224221,0.03592358271903996,35,0.938064478355496,0.8932993867780337,0.9345591050889323,0.929866977778201,0.9860032021401013,0.9363586300281529,0.02955324593647359
33,299.90146040916443,2.0315605497260054,5.135672092437744,0.08710497093807784,"(40, 20)",0.4,"{'model__architecture': (40, 20), 'model__dropout_rate': 0.4}",0.4033028622455664,0.47854427619967055,0.42930443720368483,0.40895430318862863,0.43602009560601895,0.4312251862014424,0.026613656805860152,29,0.4604558596180621,0.48585059934067426,0.4163011936102218,0.5329179153412227,0.5320336191497617,0.48551183741198845,0.04433879204263173,0.6808314950891874,0.7044571526837136,0.6948669981659473,0.6833608946634369,0.6740768263027235,0.687518677012718,0.01080369216435975,21,0.7235359663240186,0.7328524839781151,0.7024053479452962,0.7583610759507482,0.7562755499251059,0.7346860848246568,0.020958737634987665,0.8672059001745888,0.8857815226330744,0.8977033767183182,0.8591399266623051,0.8844994474763732,0.8788660180170345,0.013852664282578675,32,0.8947303337112471,0.8988512200451436,0.8975148363425376,0.9086844682658679,0.9119474979390895,0.9023456712607771,0.0067218590334981775
34,302.684002161026,1.9668028045473869,5.278595495223999,0.0867105087949389,"(40, 20)",0.6,"{'model__architecture': (40, 20), 'model__dropout_rate': 0.6}",0.07151660765176082,0.11426279822801406,0.09998285364360074,0.0862240033964775,0.07200068972694156,0.08879738126069246,0.01649836777884898,35,0.1077371482955367,0.07533678234120268,0.08563159184269989,0.06501382711695373,0.09628615902464463,0.08600110172420752,0.015050369198925382,0.5149468966456416,0.5571313991140071,0.5499914268218005,0.5220086615095619,0.5360003448634707,0.5360157243701688,0.01600805050668527,33,0.5538685741477684,0.5376683911706014,0.54281579592135,0.532506913558477,0.5481430795123223,0.5430005508621039,0.007525184599462649,0.914924317458376,0.9103821223015618,0.8944966292254203,0.9050077505490419,0.9010992040127987,0.9051820298623285,0.007110992729038495,29,0.9313543388832982,0.9058924768679575,0.893009741213842,0.9143058997857655,0.9041246420426814,0.909737419758709,0.012761381517843002
35,306.87655997276306,2.716284356778431,5.508990097045898,0.1308658375602481,"(40, 20)",0.8,"{'model__architecture': (40, 20), 'model__dropout_rate': 0.8}",0.002164025979698703,0.0023487531544430147,0.0023278546809419225,0.002410018927432012,0.0027441580561045563,0.0023989616297793457,0.00019081651090153628,46,0.0023111603001253235,0.002381947346427079,0.002371936249011693,0.0026207860519007597,0.002912591593340896,0.00251968430816115,0.00022310576813341142,0.4733459801819278,0.49414585714760223,0.4941380402783907,0.4730706090434357,0.48028900110949313,0.4829978892416188,0.009459690098379636,53,0.5011555801500627,0.5011909736732135,0.5011859681245059,0.5013103930259504,0.5014562957966704,0.5012598421540806,0.00011155288406667987,0.9112140919199281,0.9228945256651553,0.9224542744884544,0.910137024710878,0.9322479836871652,0.9197895657819027,0.00822999015001753,25,0.921894689899022,0.9239543847354506,0.9236327542665508,0.9309012443522513,0.9378422733191816,0.9276450693144913,0.005956044551840671
36,288.18546347618104,3.9930646893252773,5.53937258720398,0.03942334177022478,"(80,)",0.2,"{'model__architecture': (80,), 'model__dropout_rate': 0.2}",0.8125482837406338,0.7950461086148078,0.7770126862511159,0.7108711492117498,0.7786918792741325,0.7748341188729218,0.034472514069396866,2,0.871573074371988,0.8742733840676857,0.8793114291268312,0.8937723471934885,0.889404466508074,0.8816669402536135,0.008584980185155333,0.8122025275011044,0.7947291379827243,0.7761740957723224,0.7104591938020565,0.7782533559875023,0.7743637600738054,0.03449266390871962,4,0.8715187198921043,0.8742079319530895,0.8792566599990707,0.8937157090976618,0.8893349139354342,0.881606786975472,0.008583532969547256,0.9823380267891677,0.9823797043320948,0.9749533150915113,0.9605681036875156,0.9912924946804258,0.9783063412830877,0.01027008714938154,5,0.9978632807259894,0.9950712914545147,0.9979723944621359,0.9975520554539277,0.9979373906143729,0.9972792825421882,0.0011139294368635712
37,293.76011366844176,2.2116106991752327,5.6436244487762455,0.09407476254584453,"(80,)",0.4,"{'model__architecture': (80,), 'model__dropout_rate': 0.4}",0.7801400943009442,0.7571111285759697,0.7619898144533993,0.6915596276142701,0.7638030755295673,0.7509208139495918,0.030673463229165986,4,0.8490023752539209,0.8456154910490938,0.8437497774986003,0.8543550771819429,0.8447561697578799,0.8474957781482875,0.0038572859019640237,0.7797298630711965,0.7566259196825871,0.7612074586840094,0.6910516510813676,0.7633394208759294,0.7503909288231504,0.030677201327244052,9,0.8489198242271376,0.8455322160937394,0.8437118468019907,0.8542818437386561,0.8446674607849357,0.8474226383292919,0.0038529193541844476,0.9838885434487274,0.9774866971839241,0.9767940076777598,0.9633480218333332,0.9903842081468557,0.9783803059729976,0.008985742840711118,3,0.9972287892294999,0.9936664258039422,0.9958867382874138,0.9962161017163219,0.995245020451734,0.9956486150977824,0.00118047931257981
38,293.28198461532594,0.8757385497512259,5.861114645004273,0.08229789624855077,"(80,)",0.6,"{'model__architecture': (80,), 'model__dropout_rate': 0.6}",0.6722729954682239,0.7348662892288617,0.7227871170249597,0.6511165852662281,0.669326357623215,0.690073878287272,0.03268490450175159,8,0.7561160165403871,0.7470161967938261,0.773921539939156,0.7681701334978954,0.7374996181050523,0.7565447009752634,0.013347633179923017,0.6993370377452689,0.7435168327170278,0.7319223274136246,0.6618044979153603,0.7084146731100385,0.7089990892620989,0.028418199706013916,16,0.7801580752167416,0.7782679530643639,0.8041722878402943,0.7878495282153208,0.7724559804924448,0.7845807649658332,0.010962980972052306,0.9796712004272132,0.9734199947066539,0.9635743576778244,0.9556763278261867,0.9829848996017838,0.9710653759853347,0.010145115624583007,13,0.9953873497411059,0.991958598436013,0.9924861141419166,0.9918037592956686,0.992026434644738,0.9927324512518882,0.0013467697902430375
39,297.9417546749115,3.0061330850751027,5.892361783981324,0.0952318641999077,"(80,)",0.8,"{'model__architecture': (80,), 'model__dropout_rate': 0.8}",0.3903604148981485,0.42148179551678117,0.5698917143766165,0.32856168374017297,0.3873097716261134,0.41952101860208624,0.08096493700586388,30,0.4597646821292305,0.4153290604219158,0.5400871936048697,0.4204471488534777,0.43808699714088756,0.45474301643007625,0.04542231861902958,0.4966286060566366,0.5787489511970975,0.626191934918173,0.5650396154725659,0.47924203446605046,0.5491701514856414,0.05423954935286824,32,0.5714907012140008,0.5930736556959201,0.6442597420367796,0.6439671640092633,0.5407560293856533,0.5987094584683235,0.04063080409196068,0.9785239922349582,0.98168045719464,0.9823879056117075,0.9693398200482879,0.9806042815304925,0.9785072945913974,0.004765879341027479,2,0.9896880752549573,0.9851441996511682,0.9906202228488148,0.9915283065760335,0.9908136012805342,0.9895588811223016,0.0022840975972668893
40,314.9872161388397,4.132837395617518,5.983388900756836,0.059833830096243074,"(40, 10)",0.2,"{'model__architecture': (40, 10), 'model__dropout_rate': 0.2}",0.6119368040013696,0.7151466967674875,0.6763410355436655,0.4993085019920572,0.5569485504128417,0.6119364229122367,0.07811400701468593,24,0.7371212798839487,0.7841016610503143,0.7275818830765903,0.7383841679757291,0.718257036725834,0.7410892057424833,0.02270193244704927,0.7049129864272717,0.7143921358425991,0.6825732787532074,0.5623023333887083,0.7448655361140992,0.6818093343897805,0.0630142195371885,23,0.8290922881010208,0.7840449750539749,0.7339203742261553,0.7986659820327744,0.8545575601731289,0.8000562359174108,0.04109922664474811,0.7932185636711343,0.9695944144072617,0.8677814622257463,0.7276153275524012,0.8090944369621295,0.8334608976681357,0.08139619125373455,44,0.8698425952138791,0.983456115202797,0.880437608228817,0.8750045165894633,0.8732009701021671,0.8963883610674246,0.043668803316510976
41,323.08396162986753,4.362982246017022,6.1420656681060795,0.0943626870912889,"(40, 10)",0.4,"{'model__architecture': (40, 10), 'model__dropout_rate': 0.4}",0.36127074900290995,0.0019863455533301725,0.22279228729434525,0.0021406298471117607,0.0021100287018835334,0.11806038545137301,0.14864416811566733,34,0.42351487789394465,0.002008796413769771,0.21859294064476184,0.002327936876153758,0.0022361359570661895,0.12973613755713925,0.16911821511189873,0.3660897744164783,0.49396439356868527,0.5866244933836002,0.4729333032994581,0.4799608461907734,0.479914344521141,0.07012743751688783,54,0.426931379499335,0.5010043982068849,0.6092964703223809,0.5011639684380769,0.5011180679785331,0.5079028568890421,0.058268481541988604,0.9763022386221355,0.9090439983010183,0.8952635725056433,0.9046616785204052,0.9121237624210139,0.9194791552427689,0.028975264609400423,26,0.9880991523632926,0.9097945401841175,0.8941795032364085,0.9221859367554082,0.9189839531310124,0.9266486171340478,0.03222773382518238
42,325.4997175216675,3.33075091625465,6.302099132537842,0.16565636705579748,"(40, 10)",0.6,"{'model__architecture': (40, 10), 'model__dropout_rate': 0.6}",0.0025133567191371066,0.002080135926511335,0.002282884794701135,0.0022659526095942417,0.0018353088743986797,0.0021955283150013423,0.00022657422249873315,47,0.002700672315255946,0.0021754230625376882,0.0022895760004135184,0.002369490933579428,0.001942488702894649,0.0022955302029362456,0.0002484792946328378,0.47351985578886086,0.4799547258818632,0.5011414423973506,0.48705775129284407,0.4798215908562746,0.4842990468494107,0.00944868615519401,52,0.5013503361576279,0.5010877115312689,0.4993944100926187,0.5011847454667897,0.5009712443514474,0.5007976895199505,0.000712552848549138,0.9228424005712788,0.9129585547657809,0.9209249462299827,0.9093701173227966,0.9000986746754955,0.913238957998548,0.0082342459050074,27,0.9331857420444047,0.9167177396234829,0.920878548965217,0.9235537558643572,0.9067092578482364,0.9202090088691396,0.008654056376940748
43,325.27268824577334,2.257631621116482,6.444364547729492,0.06238100949832221,"(40, 10)",0.8,"{'model__architecture': (40, 10), 'model__dropout_rate': 0.8}",0.001685087986545785,0.0016690566303862338,0.0013114858207582195,0.0009050736747961325,0.0015894064989005858,0.0014320228795377582,0.000295702823904916,48,0.0017567843423502557,0.0016726431870601975,0.0013803725552875535,0.000960164946230763,0.0016250983612166,0.001479012678429074,0.0002880707347046873,0.4800355044945817,0.5008345283151932,0.47955524693554236,0.4793379830663193,0.49376198100725777,0.48670504956915955,0.008936653498336885,48,0.5008783921711751,0.5008363215935301,0.5006901862776437,0.5004800824731154,0.5008125491806082,0.5007395063392146,0.00014403536735234485,0.8891445712379725,0.8917775614529554,0.8618893005956803,0.7914657245123085,0.8860309651554783,0.8640617039497362,0.03782816793374403,38,0.8971904564711879,0.8916293441213009,0.8686454067525795,0.8110797807412088,0.8884536190187379,0.871399721421003,0.03165854249710765
44,312.11153388023376,2.534658285375721,6.615150451660156,0.1385064001261385,"(40,)",0.2,"{'model__architecture': (40,), 'model__dropout_rate': 0.2}",0.7893992154120815,0.753282995665227,0.7677926932485389,0.6952146502040663,0.7668057022059799,0.7544991212321501,0.031819214246096184,3,0.8363542249901713,0.8203173700243445,0.8311578174406072,0.8565800977771951,0.8370688178246022,0.8362956656113841,0.01177932761687018,0.7895499114267568,0.7554566138152771,0.7669851696775591,0.696016090407723,0.7663403110674665,0.7548696905530896,0.03144889682771133,7,0.8367769327761622,0.8244188859714101,0.8331347410462253,0.8571438174665504,0.8386786796087637,0.8380306113738223,0.010738295621762229,0.9808622257219275,0.9678782045148208,0.9701067992206525,0.9586759058781709,0.9893128995064544,0.9733672166496271,0.010649254842661712,11,0.9955029559384146,0.9900620688152069,0.99356452951176,0.9959119690447868,0.9939279534571994,0.9937938953534736,0.0020690207259021747
45,315.9751615524292,2.660380393521699,6.799764919281006,0.08084967593232681,"(40,)",0.4,"{'model__architecture': (40,), 'model__dropout_rate': 0.4}",0.7273636062276329,0.7075961922461623,0.6861939259924394,0.6453686639335179,0.7353307716436412,0.7003706943810621,0.03233953596444152,7,0.7823382136628548,0.7365845930140984,0.7502806558118601,0.8024262089088994,0.7630990833368002,0.7669457509469024,0.023281378671540513,0.7512281164864885,0.7224889291809393,0.6974040629338264,0.6639013975817817,0.7623005226521414,0.719464673580525,0.03585222797919779,13,0.8020163637813202,0.7746730840380679,0.789385325566207,0.8215327566786821,0.792376287924435,0.7959967635977425,0.01549090569275698,0.9817207648611472,0.9617253178358556,0.960130973295816,0.9627317896553967,0.9776927469016827,0.9688003376317663,0.00903387124925435,15,0.993619181723027,0.988216783158163,0.9894655898920672,0.9947728630518661,0.9902583547292928,0.9912665545108832,0.0025055977348963166
46,315.89312386512756,2.2147408079355184,6.833317995071411,0.0930854865438731,"(40,)",0.6,"{'model__architecture': (40,), 'model__dropout_rate': 0.6}",0.687984109237273,0.6568240478707543,0.6409799997619408,0.6068168935030995,0.6491495996207199,0.648351019402211,0.026163460036019485,16,0.7069330300626397,0.6442679259322219,0.6449637210080851,0.67709949331034,0.6614034596044762,0.6669335259835526,0.023367886548706827,0.7380895604068219,0.7051094908435644,0.6936125407511876,0.6506801855241647,0.6724953698986877,0.6919975367781509,0.029619160560973492,19,0.7631548685722332,0.7158836412565992,0.733769649435801,0.7332573429902557,0.7043063043940834,0.7300743613297944,0.01991720753666089,0.9846584573661716,0.9779476217162716,0.9781703995211701,0.9726694263416447,0.983126386423697,0.9793144677717283,0.004252592353087418,1,0.9956565270000534,0.9895010810880289,0.9924272699444252,0.9945915914494132,0.994821518377903,0.9933995975719647,0.0022217241240263456
47,320.2609525680542,2.8097724582250936,6.969485807418823,0.1143760948513824,"(40,)",0.8,"{'model__architecture': (40,), 'model__dropout_rate': 0.8}",0.4077352912850796,0.006891575697968637,0.006612904481814858,0.4519307504734139,0.4040557529635726,0.25544531206930243,0.2037548879755033,33,0.4154844283616725,0.007826901555377975,0.0073884361215374676,0.5673048989442283,0.45127376163492194,0.2898556853235476,0.23585776405352507,0.5797573095645773,0.4613806601159132,0.46127788704889927,0.5621585901869073,0.5442592015731428,0.5217667863473378,0.0506077310734093,34,0.6187591521396056,0.49868409166277267,0.5019495543409009,0.6807308793318343,0.6179454711535449,0.5836138297257316,0.07173240675799132,0.9804659251595397,0.9716088146917559,0.9717983599588418,0.9708770445778961,0.9814716869148593,0.9752443731972502,0.0046948887408428735,10,0.9880089779591126,0.9769128037818242,0.9755710920570125,0.9922845765656583,0.9896444584587997,0.9844843817644815,0.006879938013085457
48,315.64885702133176,3.6154401862326178,6.963818359375,0.06293053480310068,"(20,)",0.2,"{'model__architecture': (20,), 'model__dropout_rate': 0.2}",0.6693753754137565,0.7605214412098078,0.6980066254985402,0.6450671981825251,0.6409005383507124,0.682774287646809,0.043889437253201574,9,0.7542784562243792,0.7432282956136473,0.7264680346156921,0.778811324718876,0.7058268810981103,0.741722598454141,0.02472526864011147,0.7388123315443755,0.7748478768293309,0.7216121902481324,0.6623518159575476,0.701935218070232,0.7199119810255568,0.037455041827590296,12,0.795912154110564,0.7798401123508404,0.7931219496198253,0.8152951397083887,0.7630968226013423,0.7894532356781921,0.017378456453850416,0.9849091492375116,0.9702067312209863,0.965130605042444,0.9524996220557498,0.975474756123666,0.9696442044182517,0.010785547659869995,14,0.9901076134762258,0.9863891302173184,0.9883309926647725,0.9917994248898437,0.9896256767786856,0.9892505676053691,0.0018113724062370751
49,321.5103235721588,2.6691970363195017,7.194990825653076,0.16152739981192962,"(20,)",0.4,"{'model__architecture': (20,), 'model__dropout_rate': 0.4}",0.6459690184005819,0.6706138742484716,0.6579165397795557,0.6128942015109701,0.6199383894506352,0.6414664435543047,0.02200126736106364,18,0.6587014420494302,0.6442518219882041,0.669698562034702,0.678373000499734,0.6603874752843015,0.6622824603712744,0.01144921505353224,0.6903964928269811,0.7341598529103818,0.7009387958805022,0.6715371985061799,0.6898355014809239,0.6973735915861383,0.02068314518008678,18,0.7137129532964154,0.75447952514113,0.7567217897620656,0.756095239166275,0.747151713913128,0.7456322442558028,0.016321008452209566,0.9798305063869621,0.9787175760121694,0.9783765639821211,0.9652886381416026,0.9818845901110259,0.9768195829968401,0.005894213992990016,7,0.9916609583279309,0.9890357052443807,0.9895421472570454,0.9903231293954039,0.991134731797295,0.9903393344044111,0.0009710371511893978
50,325.3218195915222,3.191784417194303,7.402502536773682,0.2034289817205503,"(20,)",0.6,"{'model__architecture': (20,), 'model__dropout_rate': 0.6}",0.6229114799775136,0.6383922311837988,0.6327557486562769,0.005447886957250978,0.5748861576455564,0.49487910804117574,0.24574037923061143,28,0.6319830984744049,0.5741042220767459,0.6132552688147531,0.006172304760254689,0.6292153009197671,0.49094603900918515,0.24326538819004848,0.7200765557988307,0.7550968165610872,0.7367389238376236,0.4535830294659849,0.6831544556358785,0.669730145848565,0.11064544242058538,27,0.730259743056613,0.7407605294394229,0.7494872996223022,0.5030861523801273,0.7378794186215784,0.6922946286240087,0.09480413032490019,0.9820309885308203,0.9847573312376259,0.984486519126994,0.9534278646200105,0.980541721527805,0.9770489030164659,0.011913948105790178,6,0.9897208021165569,0.9863933841548094,0.9862839147137362,0.9707648574333674,0.9904474300505361,0.9847220776938013,0.0071805780132958115
51,327.35501356124877,1.6396269546179647,7.420093584060669,0.14784792001355782,"(20,)",0.8,"{'model__architecture': (20,), 'model__dropout_rate': 0.8}",0.005646181344322421,0.004957479562434248,0.00444729487479529,0.005520117344423266,0.005731668981818641,0.005260548898635105,0.0004881134633503926,39,0.006087105624142661,0.005416294494384158,0.004668075278856076,0.006095735124267442,0.006309916531981314,0.005715425410726329,0.0006037587194153449,0.47511067097281734,0.4813938288559754,0.48818873309768196,0.4606403632869992,0.4677796236179484,0.4746226518604496,0.009720656168593666,56,0.5030435528120714,0.502708147247192,0.5023340376394281,0.5030478675621337,0.5031549582659907,0.5028577127053632,0.0003018793597076656,0.9635123874275637,0.9600531832685759,0.95913248981058,0.9529966923238051,0.9656976649864837,0.9602784899242981,0.004340830010045186,16,0.9704571082725448,0.966658809288695,0.9612856862540232,0.9703953487779458,0.9714064009092461,0.9680406707004909,0.0037483643115267975
52,350.8454119682312,3.6694535333035723,7.563141775131226,0.07446159630673728,"(10, 2)",0.2,"{'model__architecture': (10, 2), 'model__dropout_rate': 0.2}",0.0011212682790089235,0.001040689493433396,0.0010744389461418563,0.0011731852806556619,0.0012008659765915702,0.0011220895105486439,5.95209247860518e-05,50,0.001112076999584929,0.0010365030931434411,0.0010790794884027353,0.0011722895431772748,0.0012065994640158171,0.0011213097176648395,6.15371145753177e-05,0.5005606341395045,0.5005203447467167,0.500537219473071,0.5005865926403278,0.5006004329882958,0.5005610447552744,2.9760462393024853e-05,35,0.5005560384997925,0.5005182515465717,0.5005395397442014,0.5005861447715887,0.5006032997320079,0.5005606548588325,3.076855728766628e-05,0.8365476257218143,0.8263237295305468,0.8317839413677461,0.8459578198424105,0.8495127570002956,0.8380251597580585,0.008636561229794242,41,0.8374835154333768,0.8250068486605294,0.8319187947392161,0.8452975564010367,0.8497017173233302,0.837881686511498,0.008901509116945969
53,354.46247310638427,5.2284299777402765,7.793206691741943,0.11467735727073297,"(10, 2)",0.4,"{'model__architecture': (10, 2), 'model__dropout_rate': 0.4}",0.0011070871106913737,0.0010150542553647762,0.0010667067307692307,0.0012546386287329916,0.0011346203017131168,0.0011156212855875992,8.033172639389683e-05,51,0.0011123121994015446,0.0010127140024589407,0.0010737860566054796,0.001253402878868507,0.0011400182402918446,0.0011184466755252633,7.986251944518438e-05,0.49361672871531376,0.5005075271276824,0.5005333533653846,0.5006273193143665,0.5005673101508565,0.49917043777906756,0.0027771565649026345,44,0.5005561560997007,0.5005063570012295,0.5005368930283027,0.5006267014394342,0.5005700091201459,0.5005592233377627,3.993125972258158e-05,0.8344342468809869,0.8219329585590729,0.8305632855264364,0.855970255751608,0.8407158802483105,0.8367233056574355,0.01138705344872674,43,0.837517918007199,0.8208919185805753,0.8310893115161831,0.8553207972212948,0.8409131450792915,0.8371466180809086,0.011362496163756114
54,359.2355351448059,3.7323735575708765,7.914852666854858,0.09143459213004734,"(10, 2)",0.6,"{'model__architecture': (10, 2), 'model__dropout_rate': 0.6}",0.0012726244343891403,0.0014026907955825118,0.0014412439356109048,0.0014460758386910292,0.0013705505366380974,0.0013866368921906392,6.329348982559917e-05,49,0.0012571044104888543,0.001398251449765977,0.001450536698578474,0.0014717045436941332,0.0013778899428538275,0.0013910974090762531,7.511362116218772e-05,0.5006363122171946,0.5007013453977912,0.5007206219678054,0.4936897652279961,0.5006852752683191,0.4992866682078206,0.0027985856289392892,43,0.5006285522052444,0.500699125724883,0.5007252683492892,0.500735852271847,0.5006889449714269,0.5006955487045381,3.755681058109671e-05,0.8560092147578833,0.8711921593011462,0.8746419579421628,0.8748039032847483,0.8681666207965099,0.8689627470897179,0.006924906345756656,36,0.8562533048768834,0.870327142993661,0.8750079635486083,0.8768083626179561,0.8684084115459987,0.8693610371166216,0.007225011221627599
55,361.4826608657837,3.471204551282115,8.108393096923828,0.11938802764427378,"(10, 2)",0.8,"{'model__architecture': (10, 2), 'model__dropout_rate': 0.8}",0.0009007093085805071,0.0009592131749956093,0.0011511397905249847,0.001042280702368258,0.0011666694053272426,0.0010440020979405533,0.0001041640836607159,52,0.0008893509616890152,0.0009593149481465026,0.0011574591132644813,0.001060279690621547,0.001174424737917848,0.001048165890327879,0.00011058907795732584,0.5004503546542902,0.5004796065874978,0.5005755698952625,0.49348569770831435,0.5005833347026636,0.4991149168217181,0.0028150859737452734,45,0.5004446754808445,0.5004796574740733,0.5005787295566323,0.5005301398453108,0.500587212368959,0.500524082945164,5.5294538978686304e-05,0.7964776995723903,0.8115561626241674,0.84300429140801,0.8263898549856985,0.8450964802299624,0.8245048274522715,0.018563356749326725,45,0.7967381263338961,0.8109119867486382,0.8433130400878667,0.8289353308886301,0.8455791474798235,0.825095526307771,0.01882294117066262
56,344.4545721530914,3.4111378138988795,8.242607831954956,0.13969494130686022,"(5,)",0.2,"{'model__architecture': (5,), 'model__dropout_rate': 0.2}",0.003244423769766019,0.0029112723839469726,0.002785389117775137,0.002799682487086199,0.0029450220834399007,0.002937158568212522,0.00016557657978591618,44,0.0034053982757173517,0.0029881731253145445,0.002844027542161461,0.002989081984750438,0.0031588747755536342,0.003077111140699486,0.00019206498993202796,0.4808257431278856,0.49442605510648885,0.49436977347222794,0.4802995381852755,0.48037902293540363,0.48606002442304336,0.006810242371734591,49,0.5017026991378587,0.5014940865626573,0.5014220137710808,0.5014945409923752,0.5015794373877768,0.5015385555703497,9.60324949660126e-05,0.939362616182569,0.9372985429228702,0.9352100903433916,0.9175454139677571,0.9354545158272141,0.9329742532741494,0.00785760753814331,21,0.9470499792947472,0.9394189787532252,0.9363393924258371,0.9394375313763815,0.9427025863057544,0.940989693631189,0.003637656328795023
57,344.28618717193604,2.257931852022839,8.292200803756714,0.11951340881819586,"(5,)",0.4,"{'model__architecture': (5,), 'model__dropout_rate': 0.4}",0.0035527171170790213,0.002980521390040154,0.002727621974644641,0.0025083390598551825,0.003071935518713807,0.0029682282157439937,0.00035268245838045864,42,0.003647666264224614,0.0030667584900787672,0.002746590854334313,0.0026354725356019975,0.003279443070018986,0.003075186242851736,0.00036629177632880314,0.48790834693519575,0.49446052482825664,0.5013638109873223,0.48717581224862305,0.480448876988139,0.4902714738501148,0.007102652535246548,47,0.5018238331321123,0.5015333792450394,0.5013732954271671,0.501317736267801,0.5016397215350095,0.5015375931214259,0.00018314588816441512,0.9453769205198818,0.938678516947142,0.9338475887587535,0.9103021285619184,0.9387864551097704,0.9333983517713718,0.01211639064896967,20,0.9505787914503233,0.9409760137610295,0.9340745592016575,0.9312873171887782,0.9448157935644333,0.9403464950332443,0.007021063957117844
58,347.7178071975708,4.787021362002357,8.397820377349854,0.10069442614279533,"(5,)",0.6,"{'model__architecture': (5,), 'model__dropout_rate': 0.6}",0.003353179325373229,0.003110326563390857,0.002952056157190506,0.002986561007796282,0.0030941847319935073,0.003099262085890356,0.00014070795295097958,41,0.0034571748551395043,0.0032454961623431342,0.003019227713332274,0.0032360254794427225,0.003326408179462639,0.003256866477944055,0.00014282528345246488,0.4878125058224831,0.48750334796665395,0.4944545569245208,0.47337085112666427,0.48045736654085996,0.4847197348155193,0.007197843920668318,51,0.5017285874275698,0.5016227480811716,0.5015096138566661,0.5016180127397214,0.5016632040897313,0.501628433238972,7.141264172622901e-05,0.9434173970460902,0.940962537624643,0.9388903987516426,0.9261475758519395,0.9387362778959109,0.9376308526215341,0.005987622866650335,18,0.9478456980855605,0.9442366132577326,0.9400440352383841,0.944072953750258,0.9455974954958168,0.9443593591655505,0.002545845865470722
59,351.2870961666107,3.5005517940922046,8.539030265808105,0.13648493472584336,"(5,)",0.8,"{'model__architecture': (5,), 'model__dropout_rate': 0.8}",0.0029986915895644116,0.002985020751346322,0.00285771785067418,0.002965605166313136,0.002920123178688355,0.0029454318561970396,5.12739990372801e-05,43,0.00307562351769025,0.0031047780900712463,0.0028711893776067377,0.003206895387696774,0.0031454176231679324,0.003080780799246588,0.00011367835323542187,0.48764007220077693,0.4874398960681584,0.5014288589253371,0.47335750409407573,0.48036703064939024,0.48604667705443105,0.009320554576613791,50,0.5015378117588452,0.5015523890450356,0.5014355946888034,0.5016034476938483,0.501572708811584,0.5015403903996234,5.683917661769917e-05,0.9381151737139292,0.9384894740011932,0.9368673740864194,0.9253428381466848,0.9340135899133319,0.9345657012041094,0.004871515576532001,19,0.9413531679036727,0.9417010161500972,0.936943347952285,0.9435632866393315,0.9424566719247324,0.9412034981140238,0.0022608781978131964
