,CpGobsExp,CpGperCpG,CpGperGC,DGVCount,DnaseClusteredHyp,DnaseClusteredScore,EncH3K27Ac,EncH3K4Me1,EncH3K4Me3,GCContent,GerpRS,GerpRSpv,ISCApath,commonVar,dbVARCount,fantom5Perm,fantom5Robust,fracRareCommon,mamPhastCons46way,mamPhyloP46way,numTFBSConserved,priPhastCons46way,priPhyloP46way,rareVar,verPhastCons46way,verPhyloP46way,label
chr11.5246718,0.0,0.0,0.0,0,0,0,5.16,26.76,10.0,0.331,42.2,8.876e-11,3,8,0,0,0,0.826,0.998,0.8590000000000001,0,0.391,0.45899999999999996,38,0.987,0.8859999999999999,1
chr11.5246718,0.0,0.0,0.0,0,0,0,5.16,26.76,10.0,0.331,42.2,8.876e-11,3,8,0,0,0,0.826,0.998,0.8590000000000001,0,0.391,0.45899999999999996,38,0.987,0.8859999999999999,1
chr11.5248329,0.0,0.0,0.0,0,0,0,11.48,23.6,4.52,0.5429999999999999,327.7,0.0,3,10,0,0,0,0.7829999999999999,0.9890000000000001,0.38799999999999996,1,0.8959999999999999,0.528,36,0.996,0.419,1
chr11.5248329,0.0,0.0,0.0,0,0,0,11.48,23.6,4.52,0.5429999999999999,327.7,0.0,3,10,0,0,0,0.7829999999999999,0.9890000000000001,0.38799999999999996,1,0.8959999999999999,0.528,36,0.996,0.419,1
chr11.5248331,0.0,0.0,0.0,0,0,0,11.48,23.6,4.52,0.5429999999999999,327.7,0.0,3,11,0,0,0,0.7659999999999999,0.998,2.27,1,0.9209999999999999,0.528,36,1.0,1.55,1
chr11.5248331,0.0,0.0,0.0,0,0,0,11.48,23.6,4.52,0.5429999999999999,327.7,0.0,3,11,0,0,0,0.7659999999999999,0.998,2.27,1,0.9209999999999999,0.528,36,1.0,1.55,1
chr11.5248388,0.0,0.0,0.0,0,0,0,7.0,25.44,3.8,0.603,327.7,0.0,3,15,0,0,0,0.706,0.943,2.75,0,0.052000000000000005,0.655,36,0.92,1.68,1
chr11.5248388,0.0,0.0,0.0,0,0,0,7.0,25.44,3.8,0.603,327.7,0.0,3,15,0,0,0,0.706,0.943,2.75,0,0.052000000000000005,0.655,36,0.92,1.68,1
chr11.5248388,0.0,0.0,0.0,0,0,0,7.0,25.44,3.8,0.603,327.7,0.0,3,15,0,0,0,0.706,0.943,2.75,0,0.052000000000000005,0.655,36,0.92,1.68,1
chr11.5248389,0.0,0.0,0.0,0,0,0,7.0,25.44,3.8,0.596,327.7,0.0,3,15,0,0,0,0.706,1.0,2.75,0,0.065,0.655,36,1.0,2.43,1
chr11.5248389,0.0,0.0,0.0,0,0,0,7.0,25.44,3.8,0.596,327.7,0.0,3,15,0,0,0,0.706,1.0,2.75,0,0.065,0.655,36,1.0,2.43,1
chr13.48877856,0.97,20.3,65.1,0,124,1000,48.08,6.32,52.56,0.742,804.1,0.0,28,4,0,0,0,0.84,1.0,1.75,4,0.9640000000000001,0.254,21,1.0,2.12,1
chr13.48877856,0.97,20.3,65.1,0,124,1000,48.08,6.32,52.56,0.742,804.1,0.0,28,4,0,0,0,0.84,1.0,1.75,4,0.9640000000000001,0.254,21,1.0,2.12,1
chr2.122288505,0.0,0.0,0.0,1,123,1000,105.76,5.04,33.24,0.46399999999999997,365.4,0.0,2,19,1,0,0,0.87,0.9990000000000001,2.63,0,0.853,0.65,127,1.0,3.74,1
chr2.122288505,0.0,0.0,0.0,1,123,1000,105.76,5.04,33.24,0.46399999999999997,365.4,0.0,2,19,1,0,0,0.87,0.9990000000000001,2.63,0,0.853,0.65,127,1.0,3.74,1
chr7.156584166,0.0,0.0,0.0,1,3,239,6.0,11.2,4.0,0.397,3488.9,0.0,33,1,1,0,0,0.9570000000000001,1.0,2.44,2,0.9990000000000001,0.655,22,1.0,5.46,1
chr7.156584166,0.0,0.0,0.0,1,3,239,6.0,11.2,4.0,0.397,3488.9,0.0,33,1,1,0,0,0.9570000000000001,1.0,2.44,2,0.9990000000000001,0.655,22,1.0,5.46,1
chr8.21988220,0.83,19.9,69.5,15,62,1000,21.92,12.24,17.24,0.762,3923.5,0.0,29,4,15,0,0,0.8,1.0,0.632,3,0.606,0.374,16,1.0,1.45,1
chr8.21988220,0.83,19.9,69.5,15,62,1000,21.92,12.24,17.24,0.762,3923.5,0.0,29,4,15,0,0,0.8,1.0,0.632,3,0.606,0.374,16,1.0,1.45,1
chr9.35657754,0.89,17.8,63.2,0,0,0,46.96,13.12,28.12,0.636,151.0,0.0,35,10,0,0,0,0.882,0.9890000000000001,2.94,0,0.762,0.65,75,1.0,2.33,1
chr9.35657754,0.89,17.8,63.2,0,0,0,46.96,13.12,28.12,0.636,151.0,0.0,35,10,0,0,0,0.882,0.9890000000000001,2.94,0,0.762,0.65,75,1.0,2.33,1
chrX.68049525,0.83,19.3,68.9,2,65,499,36.8,9.0,63.48,0.715,3325.2,0.0,87,4,2,0,0,0.833,0.9990000000000001,1.67,0,0.914,0.483,20,1.0,1.46,1
chrX.68049525,0.83,19.3,68.9,2,65,499,36.8,9.0,63.48,0.715,3325.2,0.0,87,4,2,0,0,0.833,0.9990000000000001,1.67,0,0.914,0.483,20,1.0,1.46,1
chrX.70443029,0.0,0.0,0.0,3,5,239,3.0,1.88,2.0,0.556,4936.0,0.0,89,6,3,0,0,0.7390000000000001,1.0,1.74,2,0.987,0.48,17,1.0,3.49,1
chrX.70443029,0.0,0.0,0.0,3,5,239,3.0,1.88,2.0,0.556,4936.0,0.0,89,6,3,0,0,0.7390000000000001,1.0,1.74,2,0.987,0.48,17,1.0,3.49,1
chrX.138612869,0.0,0.0,0.0,0,0,0,1.0,2.0,4.0,0.43,673.6,0.0,108,1,0,0,0,0.9440000000000001,1.0,2.1,0,0.99,0.591,17,1.0,2.74,1
chrX.138612869,0.0,0.0,0.0,0,0,0,1.0,2.0,4.0,0.43,673.6,0.0,108,1,0,0,0,0.9440000000000001,1.0,2.1,0,0.99,0.591,17,1.0,2.74,1
chrX.138612869,0.0,0.0,0.0,0,0,0,1.0,2.0,4.0,0.43,673.6,0.0,108,1,0,0,0,0.9440000000000001,1.0,2.1,0,0.99,0.591,17,1.0,2.74,1
chrX.138612872,0.0,0.0,0.0,0,0,0,1.0,2.0,4.0,0.424,673.6,0.0,108,1,0,0,0,0.9440000000000001,1.0,2.1,0,0.9740000000000001,0.591,17,1.0,2.74,1
chrX.138612872,0.0,0.0,0.0,0,0,0,1.0,2.0,4.0,0.424,673.6,0.0,108,1,0,0,0,0.9440000000000001,1.0,2.1,0,0.9740000000000001,0.591,17,1.0,2.74,1
chrX.138612875,0.0,0.0,0.0,0,0,0,1.0,2.0,4.0,0.424,673.6,0.0,108,1,0,0,0,0.9440000000000001,1.0,1.68,0,0.927,0.478,17,1.0,2.28,1
chrX.138612875,0.0,0.0,0.0,0,0,0,1.0,2.0,4.0,0.424,673.6,0.0,108,1,0,0,0,0.9440000000000001,1.0,1.68,0,0.927,0.478,17,1.0,2.28,1
chrX.138612889,0.0,0.0,0.0,0,0,0,1.64,2.16,4.76,0.444,673.6,0.0,108,1,0,0,0,0.9440000000000001,0.046,0.161,0,0.444,-0.20199999999999999,17,0.03,0.498,1
chrX.138612889,0.0,0.0,0.0,0,0,0,1.64,2.16,4.76,0.444,673.6,0.0,108,1,0,0,0,0.9440000000000001,0.046,0.161,0,0.444,-0.20199999999999999,17,0.03,0.498,1
chrX.138612890,0.0,0.0,0.0,0,0,0,1.64,2.16,4.76,0.45,673.6,0.0,108,1,0,0,0,0.9440000000000001,0.051,0.102,0,0.45799999999999996,0.478,17,0.033,0.06,1
chrX.138612890,0.0,0.0,0.0,0,0,0,1.64,2.16,4.76,0.45,673.6,0.0,108,1,0,0,0,0.9440000000000001,0.051,0.102,0,0.45799999999999996,0.478,17,0.033,0.06,1
chrX.138612907,0.0,0.0,0.0,0,0,0,2.0,2.0,5.68,0.43700000000000006,673.6,0.0,109,1,0,0,0,0.9440000000000001,0.8,1.68,1,0.455,0.478,17,0.9440000000000001,2.28,1
chrX.138612907,0.0,0.0,0.0,0,0,0,2.0,2.0,5.68,0.43700000000000006,673.6,0.0,109,1,0,0,0,0.9440000000000001,0.8,1.68,1,0.455,0.478,17,0.9440000000000001,2.28,1
