mean_fit_time,std_fit_time,mean_score_time,std_score_time,param_negative_perc,param_np_ratio,param_positive_sample_perc,params,split0_test_AU_PRC,split1_test_AU_PRC,split2_test_AU_PRC,split3_test_AU_PRC,mean_test_AU_PRC,std_test_AU_PRC,rank_test_AU_PRC,split0_train_AU_PRC,split1_train_AU_PRC,split2_train_AU_PRC,split3_train_AU_PRC,mean_train_AU_PRC,std_train_AU_PRC,split0_test_AU_ROC,split1_test_AU_ROC,split2_test_AU_ROC,split3_test_AU_ROC,mean_test_AU_ROC,std_test_AU_ROC,rank_test_AU_ROC,split0_train_AU_ROC,split1_train_AU_ROC,split2_train_AU_ROC,split3_train_AU_ROC,mean_train_AU_ROC,std_train_AU_ROC,split0_test_AVG_PREC,split1_test_AVG_PREC,split2_test_AVG_PREC,split3_test_AVG_PREC,mean_test_AVG_PREC,std_test_AVG_PREC,rank_test_AVG_PREC,split0_train_AVG_PREC,split1_train_AVG_PREC,split2_train_AVG_PREC,split3_train_AVG_PREC,mean_train_AVG_PREC,std_train_AVG_PREC
114.90480011701584,0.7077535118483678,0.6986803412437439,0.015673157197621457,0.25,0.5,0.25,"{'negative_perc': 0.25, 'np_ratio': 0.5, 'positive_sample_perc': 0.25}",0.4062112658960105,0.3262378719129491,0.1312158929625971,0.5775522979563302,0.3603043321819718,0.1604261215445851,55,0.018679154826651143,0.022215266589885253,0.02080743703275073,0.02146852516734859,0.02079259590415893,0.001317926941834815,0.986472494467278,0.9789176941721994,0.9903816260933712,0.9833577036568659,0.9847823795974286,0.004202150826306853,15,0.9835138783226762,0.9866186645711588,0.9849468668330099,0.9841129150078234,0.9847980811836671,0.0011678281890927316,0.42686518046819155,0.3512833080322985,0.13829264777161634,0.580803257068339,0.37431109833511134,0.15940195364218587,55,0.01858957414651241,0.02242412391983572,0.02107529425642467,0.021638367438276546,0.020931839940262337,0.0014346498501845459
90.76535367965698,2.0798871866893633,0.817648708820343,0.03184760490667689,0.25,0.5,0.5,"{'negative_perc': 0.25, 'np_ratio': 0.5, 'positive_sample_perc': 0.5}",0.7920605105631868,0.46006435333894824,0.43892067985461874,0.1574956758906921,0.46213530491186144,0.22483280040465112,16,0.042396419245703115,0.034936430414658014,0.08756228490449924,0.024030423230043577,0.047231389448725986,0.024183718263836536,0.982249183264833,0.9756336284118454,0.9850576983876067,0.9744216988091475,0.9793405522183581,0.004446411414097459,49,0.9898608433989394,0.9871106739717616,0.9890600342693469,0.9868356669074282,0.988216804636869,0.0012791565717548774,0.7927517221691239,0.48267305979370373,0.4603319671244073,0.17154140578215857,0.47682453871734837,0.21983743233070288,20,0.04285131847090802,0.03589076403117836,0.08913133840196986,0.024267753537330045,0.04803529361034657,0.02463810085813821
80.20743280649185,0.5851893681763661,0.8459997773170471,0.022102081472269608,0.25,0.5,0.75,"{'negative_perc': 0.25, 'np_ratio': 0.5, 'positive_sample_perc': 0.75}",0.38402628197011135,0.5665494402755206,0.5905232996828848,0.5356490812978352,0.519187025806588,0.08042308160644482,7,0.040295586830212615,0.02634994641826331,0.03168886711307415,0.042366287095379734,0.035175171864232455,0.0064801564927400145,0.9696437980819896,0.962023132047634,0.9673674781325746,0.9797462851723048,0.9696951733586259,0.006428566540315823,84,0.9886346939421097,0.9762564297115782,0.9774544687222747,0.990249994479558,0.9831488967138802,0.006333485853705798,0.40680766236973087,0.5668593586665979,0.5909883516943163,0.5380699320816601,0.5256813262030763,0.07114257418181184,8,0.04098422865416608,0.026994615519192265,0.03241550659662154,0.04329462506244249,0.035922243958105594,0.006556970502382493
73.91414123773575,0.35700502128958606,0.9386231899261475,0.053955258116746625,0.25,0.5,1,"{'negative_perc': 0.25, 'np_ratio': 0.5, 'positive_sample_perc': 1}",0.6323528785078097,0.5424967218548243,0.592325790953177,0.7509655561179527,0.6295352368584409,0.07699595362508144,1,0.04128654508396158,0.038532298552490844,0.036050285179777875,0.03295274724452063,0.03720546901518773,0.0030755385972410084,0.9830369375065866,0.9819119506797345,0.9798187374855095,0.9839050479502582,0.9821681684055222,0.0015294593386885283,31,0.9905439623154008,0.9887103208490101,0.9884596475383273,0.98919194792441,0.9892264696567871,0.0008048919816714593,0.6335158816457614,0.5676911283650414,0.5931950253539564,0.7517075000401421,0.6365273838512253,0.07051888341628945,1,0.041682184410158744,0.0393655315296983,0.03683434526054807,0.03331198616123222,0.03779851184040933,0.0031063239206206563
69.61643815040588,0.45844984062063754,1.0121604204177856,0.014036048915868824,0.25,0.5,1.25,"{'negative_perc': 0.25, 'np_ratio': 0.5, 'positive_sample_perc': 1.25}",0.6581196912681372,0.495599926690779,0.161589012391576,0.3172511650038587,0.4081399488385878,0.18653904057924725,35,0.03484395466174703,0.03412907047776219,0.04158362395063264,0.034378552686138125,0.03623380044407,0.0030993594227032017,0.9840407313731688,0.9757297923911898,0.9774791864263885,0.980345663399726,0.9793988433976182,0.003146053490840407,48,0.988965445159287,0.9867720458167372,0.987789011177498,0.9873583236378183,0.9877212064478351,0.0008039460942550812,0.6597987133663492,0.5150246860418972,0.1758799867277075,0.3399390688292285,0.42266061374129565,0.18200901901251448,35,0.03526892483897402,0.03453839766550364,0.04261752603231069,0.035004084532262815,0.03685723326726279,0.00333597269115224
67.40475875139236,0.9074053330361663,1.0969736576080322,0.03416863961716811,0.25,0.5,1.5,"{'negative_perc': 0.25, 'np_ratio': 0.5, 'positive_sample_perc': 1.5}",0.48599918879409054,0.5731565924596325,0.5057681879057091,0.18041451893070798,0.4363346220225351,0.1512472644584694,28,0.031737365540699405,0.030628349040263136,0.03209517520212089,0.028920649524229895,0.03084538482682833,0.0012358515377878668,0.9725313520918959,0.9785962693645274,0.9799149014648539,0.9750632311097059,0.9765264385077457,0.0029097926192070017,64,0.9864422595316045,0.9881897800971983,0.9906858602969897,0.9862536654246512,0.9878928913376108,0.0017804643196325752,0.48835248204057735,0.5773126188201922,0.5181578959641605,0.1959749798744404,0.4449494941748427,0.14726811856714003,31,0.03215431526824467,0.030906353015881478,0.032297195248304544,0.029316578597370784,0.03116861053245037,0.001198344543586952
77.56288427114487,0.6284977800330556,1.192826509475708,0.021121537751972543,0.25,1,0.25,"{'negative_perc': 0.25, 'np_ratio': 1, 'positive_sample_perc': 0.25}",0.07901611572491343,0.3827782327566459,0.5794023984568794,0.35521194334783895,0.3491021725715694,0.1782947548824189,57,0.061230289653571995,0.051978631045296,0.042515802908085376,0.045740505996656675,0.05036630740090252,0.007135372403453316,0.9745455263989884,0.9812980819896723,0.9744559489935715,0.9689772368005058,0.9748191985456844,0.004367816800012831,74,0.9904050307124412,0.9859904479973898,0.9860735180522121,0.9878003140535978,0.9875673277039102,0.0017905905372327016,0.08518887779284752,0.4174274251492647,0.5799529863597934,0.37993741713673446,0.36562667660966003,0.17851417373700734,56,0.062029845168729926,0.05316171552195878,0.04325139222317044,0.04649559742494849,0.051234637584701904,0.007184024712803534
60.77389031648636,0.20465995016062388,1.3026180267333984,0.03668705472918515,0.25,1,0.5,"{'negative_perc': 0.25, 'np_ratio': 1, 'positive_sample_perc': 0.5}",0.5910521352281349,0.5878160047917228,0.28952880219837374,0.7289207029250326,0.5493294112858159,0.16044577907170385,5,0.03762817612815969,0.03920312845835067,0.04562722084894059,0.039483296865936546,0.04048545557534687,0.0030516586015592946,0.976263304879334,0.9779376119717568,0.9726393719043102,0.9844833491411107,0.9778309094741281,0.004291729996466879,56,0.989785146341193,0.989027532952916,0.9904776468595647,0.9888573527272038,0.9895369197202194,0.0006457302421988875,0.5917527577324594,0.5883265846048359,0.30911375060930923,0.7299343844311815,0.5547818693444465,0.1529079156013268,5,0.03800929524069403,0.03994296866307349,0.04603493710410186,0.03998912124203117,0.04099408056247514,0.0030180274001072194
53.629567086696625,0.2180781619700463,1.3363314867019653,0.04138836600366375,0.25,1,0.75,"{'negative_perc': 0.25, 'np_ratio': 1, 'positive_sample_perc': 0.75}",0.5756816927603697,0.15172047172547332,0.38140586973796886,0.10113770629336878,0.3024864351292952,0.189825981016817,68,0.04303838513330756,0.03413054332611282,0.04286566782678089,0.037242486037020774,0.03931927058080551,0.003796204388787181,0.9767349035725578,0.9799030456317842,0.9831923806512805,0.9765228158920856,0.979088286436927,0.0027215561673723365,50,0.9898606644426997,0.9862728652816969,0.988705418879692,0.9894468131060518,0.9885714404275352,0.0013901235389595875,0.5765532649972998,0.16371886630340554,0.4077783904147872,0.11012452364249621,0.3145437613394972,0.18833285014110393,68,0.0433772550856037,0.03497928382537899,0.04359352738556481,0.03776931671736261,0.03992984575347752,0.0036906348818448145
48.87875187397003,0.2986127564700833,1.4370676279067993,0.01939753755467015,0.25,1,1,"{'negative_perc': 0.25, 'np_ratio': 1, 'positive_sample_perc': 1}",0.7033518455523394,0.23814841089970204,0.3447206760371261,0.4784603558970971,0.4411703220965662,0.17367363682598289,26,0.02823904451515217,0.029876623659683625,0.04243906795277451,0.03675956067397389,0.03432857420039605,0.005669921506213832,0.9837311623985667,0.9869678048266413,0.9767994519970493,0.9850063231109706,0.9831261855833069,0.0038303560654385587,22,0.9867137561903397,0.9882139749808067,0.9879845860094497,0.9879898544811467,0.9877255429154357,0.0005914478396037796,0.7047980942921972,0.25500117198824335,0.3783844772291578,0.5000415385035347,0.45955632050328327,0.16599266355187955,28,0.02855676128341679,0.03014071549229753,0.04282614871893436,0.037274915926934854,0.034699635355395886,0.005726930714882563
45.971754014492035,0.41030093356333547,1.4603076577186584,0.04997774527811257,0.25,1,1.25,"{'negative_perc': 0.25, 'np_ratio': 1, 'positive_sample_perc': 1.25}",0.5481853191649996,0.07055885405270715,0.5227328929191001,0.434009782698145,0.39387171220873796,0.19141588370453644,39,0.030482688576137208,0.020704395664642158,0.031062259391393225,0.022154285342198904,0.026100907243592875,0.004704072289916176,0.9820120666034355,0.9731004320792497,0.9850313520918957,0.982748445568553,0.9807230740857835,0.004539536372018164,40,0.9872959838738037,0.9831727891614435,0.9866644630520248,0.9819206538269584,0.9847634724785577,0.002271523190982662,0.5505216807672101,0.07469647407716688,0.525707478027221,0.4686262677336853,0.4048879751513208,0.19293491506821234,43,0.03067875795169748,0.020933442436770512,0.03140967933923937,0.02240347114897627,0.026356337719170907,0.004723677739889597
45.131970286369324,0.3062080809148409,1.5949965715408325,0.021926075411770978,0.25,1,1.5,"{'negative_perc': 0.25, 'np_ratio': 1, 'positive_sample_perc': 1.5}",0.14294158915925223,0.09776688352931272,0.36480212777101106,0.4104682638995426,0.25399471608977964,0.13555643318859603,76,0.026591621608129248,0.03069016411501512,0.01698133848817139,0.028682044909215578,0.025736292280132834,0.0052583055461550236,0.9765135946885868,0.9790928970386764,0.9775911581831594,0.9800374117399093,0.9783087654125829,0.0013546843355587254,53,0.9872288896004126,0.9866254906779662,0.9754574158709823,0.9868892592904459,0.9840502638599518,0.004965691955257681,0.15304614423144494,0.10485902176439463,0.39796082256823695,0.4447877418680291,0.2751634326080264,0.14812817907661824,75,0.02683359024867561,0.031104536485911452,0.0174430741501965,0.028876332178584194,0.02606438326584194,0.005201654818891788
64.70812380313873,1.6542157545915936,1.5975627303123474,0.13069584860119715,0.25,1.5,0.25,"{'negative_perc': 0.25, 'np_ratio': 1.5, 'positive_sample_perc': 0.25}",0.5819593188090727,0.6607479024628765,0.11924992465884778,0.43816520568619793,0.45003058790424877,0.20698044060079984,23,0.052589281324580836,0.0659393106963097,0.04467546179861505,0.04178703797594886,0.05124777294886361,0.009358708594007064,0.9796013805458953,0.9861668774370322,0.9669854568447677,0.9825982716830014,0.9788379966276742,0.007226991364348535,52,0.98915943372313,0.9892896709161395,0.9886541514961407,0.9879309263388858,0.9887585456185741,0.0005335393984980823,0.5831684184350437,0.6624936619265757,0.12950319834171548,0.4657929454781882,0.46023955604538075,0.20336888097463288,27,0.053192436439178765,0.0667573167455541,0.04514944832580653,0.042227331224971784,0.05183163318387779,0.009506866280197366
50.25826549530029,0.9594772005507384,1.7943440079689026,0.027108468672158933,0.25,1.5,0.5,"{'negative_perc': 0.25, 'np_ratio': 1.5, 'positive_sample_perc': 0.5}",0.5794347490402426,0.24592804077677788,0.10060998914108882,0.6046600918946149,0.3826582177131811,0.21578471907603566,44,0.040611275477847125,0.036497807824547306,0.031073830529459306,0.0478398079194468,0.03900568043782514,0.006120118704064455,0.9765267678364422,0.9837206238802825,0.9790309832437559,0.9861892717883866,0.9813669116872169,0.003797323801781349,34,0.9886291391404292,0.9868991892142749,0.9870260691882274,0.9879355405465705,0.9876224845223754,0.0007053766631844383,0.5799887314159918,0.2678252034776767,0.10817770728601887,0.6069030086959262,0.3907236627189034,0.21064841802830847,48,0.04099730088709944,0.037153786920163245,0.031380177073344624,0.04860502119096074,0.03953407151789201,0.006256494975968221
44.674213230609894,0.27338649042651597,1.850928783416748,0.008783469012484,0.25,1.5,0.75,"{'negative_perc': 0.25, 'np_ratio': 1.5, 'positive_sample_perc': 0.75}",0.4616208520734137,0.599072359738754,0.5681771259288991,0.21486108187950553,0.4609328549051431,0.15094340601958775,19,0.03581724878406712,0.0329182841699952,0.030665297905171397,0.030970226684439217,0.03259276438591823,0.0020524995974941446,0.9786759669090527,0.9819751817894404,0.9860838866055432,0.9814732848561493,0.9820520800400464,0.0026454924522997846,32,0.9872007891758287,0.9883325513852369,0.9873392726723641,0.9877336721815807,0.9876515713537526,0.0004390926404362962,0.4819576151105683,0.601292661370576,0.5698334104495676,0.23140543622676102,0.4711222807893682,0.14514629269839663,22,0.0361851017510563,0.033290880109896115,0.031016545509993425,0.03139862876121259,0.03297278903303961,0.0020448107622935523
40.822091460227966,0.053431368218032474,1.9187226295471191,0.028783582415743244,0.25,1.5,1,"{'negative_perc': 0.25, 'np_ratio': 1.5, 'positive_sample_perc': 1}",0.4576676866478405,0.502091887388568,0.36047722070198157,0.3158412573351663,0.4090195130183891,0.0742759266921046,34,0.030543469604336355,0.02790745381319869,0.030363573511567606,0.024791238704244066,0.02840143390833668,0.0023300125799848095,0.9851064390346718,0.9835862577721572,0.9871192960269786,0.9796685635999578,0.9838701391084413,0.002730351788481424,17,0.9861674328551607,0.9850635677760479,0.9862159185429221,0.9830982689199295,0.985136297023515,0.0012636921918442272,0.48810080887876206,0.5351796464617864,0.3882982413764775,0.34354832524674955,0.43878175549094384,0.07639193976480478,34,0.03079878283140168,0.02835002672020986,0.030574087305179798,0.025194356273415014,0.02872931328255159,0.002254200232953945
39.54004102945328,0.2249175566535748,2.0431219935417175,0.038421211235374474,0.25,1.5,1.25,"{'negative_perc': 0.25, 'np_ratio': 1.5, 'positive_sample_perc': 1.25}",0.16019851874327024,0.1970319239563911,0.19864500932360546,0.1508410370550521,0.1766791222695797,0.021424014975708235,85,0.026860675861133762,0.02736218182814626,0.023541897451761967,0.029068054185753808,0.02670820233169895,0.00200283079195115,0.9836165560122248,0.9830079565813046,0.9826878490884182,0.9830343028770154,0.9830866661397407,0.00033495351291603444,23,0.9860498528790732,0.9854046526423309,0.9842163731891233,0.9855994858796254,0.9853175911475383,0.0006774829479884172,0.1697069643660314,0.2130906581176863,0.21819123690476594,0.16396362776424195,0.1912381217881814,0.024553474920668072,85,0.027017516549172844,0.02751596303724508,0.023741511940342186,0.02927957553350767,0.026888641765066945,0.0020019447486911194
39.540310740470886,0.18217975373949014,2.1043655276298523,0.028844316595476014,0.25,1.5,1.5,"{'negative_perc': 0.25, 'np_ratio': 1.5, 'positive_sample_perc': 1.5}",0.5214814344993606,0.44949641114909655,0.16544491800022218,0.12922957844603852,0.31641308552367947,0.1714593627061588,64,0.027913441465851327,0.027547801603541144,0.025767253077161743,0.02191506485280663,0.02578589024984021,0.002377732238582399,0.985708451891664,0.9825969543682157,0.9834663821266729,0.980460269786068,0.9830580145431552,0.0018809862127038281,24,0.9855014421983141,0.984808447760721,0.9848078536260051,0.9824781139668467,0.9843989643879717,0.0011445512990000937,0.5557474902017906,0.469522433225811,0.17929824379680248,0.13726667087995653,0.33545870952609014,0.18039290738781869,64,0.02809507567048411,0.027826190352848564,0.025917578258563157,0.022072632541685802,0.02597786920589541,0.002405897061274007
47.42224884033203,0.21143032555962113,2.1845725774765015,0.14293479526165143,0.25,3,0.25,"{'negative_perc': 0.25, 'np_ratio': 3, 'positive_sample_perc': 0.25}",0.4805222294091054,0.2295535502444167,0.4350781140380792,0.3577144792555054,0.3757170932367767,0.0951258676293036,50,0.05468759525763956,0.05976569050898394,0.04450184728337664,0.06389652525541155,0.055712914576352926,0.007248030526623854,0.9841131836863737,0.9817907577194646,0.9657168827062915,0.9764385077458109,0.9770148329644852,0.007091753503726316,62,0.9873582076741749,0.9892590636725499,0.9884621128394855,0.9888925713151783,0.9884929888753471,0.0007133054088633827,0.5143894564860311,0.24642648997942337,0.4571250818074153,0.3823498406172994,0.40007271722254223,0.10030522504058619,46,0.055308334843525056,0.06041376697285593,0.04483028886761584,0.06464572394415184,0.05629952865703716,0.007401213738522831
36.17923617362976,1.1511085813845023,2.248916208744049,0.1300602083451882,0.25,3,0.5,"{'negative_perc': 0.25, 'np_ratio': 3, 'positive_sample_perc': 0.5}",0.19897370335513528,0.5656667654622362,0.14730147038513458,0.5909692469531482,0.3757277965389135,0.2036088712638835,49,0.04067141995128154,0.04104368450673125,0.05006518222274979,0.047643256719287985,0.04485588585001264,0.00409111350983009,0.9851222468120983,0.9910567499209612,0.9864342923384972,0.9893521445884708,0.987991358415007,0.002340118600158396,4,0.985112339793793,0.9860618057242357,0.9857184287864346,0.98736890209906,0.9860653691008808,0.0008258092117661914,0.21252521511940567,0.5872870744268559,0.15641990444335915,0.5927869928572805,0.3872547967117253,0.2037593985269719,51,0.041185756295829094,0.041512728075386245,0.050744663417548075,0.04817404479616336,0.045404298146231696,0.004157265047353488
32.89915496110916,0.5567775353379067,2.3923555612564087,0.03745892537380813,0.25,3,0.75,"{'negative_perc': 0.25, 'np_ratio': 3, 'positive_sample_perc': 0.75}",0.5869297781885097,0.41467201180143665,0.46764523487436516,0.3971356186082015,0.4665956608681283,0.07416563253964338,13,0.040200468135482795,0.05061165711254113,0.03829356553324593,0.039896371315293576,0.04225051552414086,0.0048813633122190584,0.9884036779428812,0.9899409842976077,0.988846295710823,0.9871733059331858,0.9885910659711244,0.0009915366239462294,2,0.9838194997888489,0.9860063937141728,0.9849447551493813,0.9838003643560493,0.984642753252113,0.0009135214519522718,0.5931770222835887,0.4411105829175582,0.49823648517778285,0.4296111936254593,0.49053382100109727,0.06470931307383403,12,0.04077041228109625,0.05107690984878212,0.03889500042245355,0.04032914688072561,0.042767867358264385,0.004847073079823474
32.62263244390488,0.5419120830212846,2.538302421569824,0.028964710962959307,0.25,3,1,"{'negative_perc': 0.25, 'np_ratio': 3, 'positive_sample_perc': 1}",0.4298814209197416,0.543724773813209,0.4460282751846297,0.40042653917421356,0.4550152522729485,0.05376286368246059,21,0.04087545406157506,0.0402434512733089,0.022634010674886892,0.03648985072105007,0.03506069168270523,0.007367790627516332,0.9882113499841922,0.9800887870165456,0.9673121509115817,0.9800624407208347,0.9789186821582886,0.007479013503331867,51,0.9839468679554234,0.9834520081398346,0.975384902802653,0.9837834995200193,0.9816418196044826,0.00361682979829455,0.45487817116003787,0.5772109246196268,0.46858339730769155,0.4273399316527161,0.482003106185018,0.05693953377814028,17,0.04128082592153861,0.040624696818880465,0.023019376613723386,0.036844352999461254,0.03544231308840093,0.007369538652431578
31.4421506524086,0.07979206002910054,2.596899926662445,0.03617083185447343,0.25,3,1.25,"{'negative_perc': 0.25, 'np_ratio': 3, 'positive_sample_perc': 1.25}",0.47832997322492443,0.6579462742420356,0.4608312670655889,0.43776093632137925,0.508717112713482,0.08735066410510745,8,0.037199828652049814,0.040422940186535763,0.03947244090647672,0.039238448581471255,0.03908341458163339,0.0011744788017287846,0.9742807461270945,0.971285172304774,0.9805076931183476,0.972482611444831,0.9746390557487616,0.0035520443603821363,76,0.9824490171139205,0.9800170519240413,0.9825135601871581,0.98247962292586,0.981864813037745,0.0010670496237676973,0.509080226100062,0.691729203706707,0.4910607275834393,0.4634409366186307,0.5388277735022098,0.08976167025259311,7,0.03759041277135619,0.04081109983497988,0.03982435968145281,0.03961170328195205,0.03945939389243523,0.0011701065724271224
32.18355989456177,0.3094473099169979,2.6838762164115906,0.027118551392886835,0.25,3,1.5,"{'negative_perc': 0.25, 'np_ratio': 3, 'positive_sample_perc': 1.5}",0.3390522573989595,0.387021103106203,0.20487850529233484,0.3499697098927134,0.3202303939225527,0.06893066535097185,63,0.0283310368803111,0.03492494922102242,0.028304080489634134,0.032118356816606894,0.030919605851893635,0.002784844772212962,0.9852961323637895,0.9865251870586995,0.9855740857835389,0.9839814522078195,0.985344214353462,0.0009092538078293339,13,0.9796431908645433,0.9814942497838324,0.9775117705102291,0.9810799961535576,0.9799323018280406,0.0015571962537800608,0.36350811027559216,0.4142768029629075,0.21814901008585805,0.3694658102456259,0.3413499333924959,0.07378733485997248,62,0.02867765455330694,0.03533954810703459,0.028626519410465838,0.03256577477292359,0.03130237421093274,0.002825964713231308
38.35720354318619,1.0872971904484472,2.7483105659484863,0.02422665108398776,0.25,5,0.25,"{'negative_perc': 0.25, 'np_ratio': 5, 'positive_sample_perc': 0.25}",0.1772682326243175,0.47407530075300053,0.320823077288913,0.25308475983012135,0.30631284262408814,0.10936239005640565,66,0.055786833442279034,0.05001437278768804,0.02579577597827026,0.05728669983687904,0.047220920511279095,0.012664270326928039,0.9803733270102224,0.9897486563389187,0.9881309937822742,0.9894127410686058,0.9869164295500052,0.003825586128365062,7,0.9852936525292649,0.9868659162385384,0.979862884702658,0.9851367794895373,0.9842898082399997,0.002643815806757261,0.19073298153361526,0.5042260323597159,0.33786379200939076,0.2689879744927562,0.32545269509886954,0.11559801829846961,66,0.05636792536982692,0.05036496808123201,0.026083205820908253,0.05830160904496315,0.047779427079232585,0.012863608119134695
31.57327276468277,0.6948549825033675,2.89787095785141,0.06556901719072517,0.25,5,0.5,"{'negative_perc': 0.25, 'np_ratio': 5, 'positive_sample_perc': 0.5}",0.40126345334207014,0.29006807535950246,0.4260766244171256,0.2626273826653563,0.34500888394601364,0.06989592141967568,58,0.0726519533734757,0.04580499331570541,0.03874762792640834,0.04908666395797768,0.05157280964339178,0.012730516604071996,0.9884537359047318,0.9837825376752029,0.9752252608283276,0.983133101485931,0.9826486589735483,0.0047520028318934855,26,0.9845515424779465,0.9849591417994039,0.981896489007998,0.9839559775438496,0.9838407877072994,0.0011778639936208908,0.4216758076049103,0.3090740626789239,0.4488349917798287,0.2829119601515317,0.3656242055537987,0.07089614100129824,57,0.07447746998645802,0.046218790724655255,0.03908299938847504,0.04960223423821863,0.05234537358445174,0.013330229662993546
29.528815925121307,1.2109607195598635,2.8760315775871277,0.2556755767896907,0.25,5,0.75,"{'negative_perc': 0.25, 'np_ratio': 5, 'positive_sample_perc': 0.75}",0.30201861827533827,0.34795019321794857,0.4496177887997333,0.4424115089950524,0.38549952732201814,0.06270793366830771,42,0.0480151770318111,0.044215723036038726,0.04939973730030532,0.045873643685006946,0.04687607026329052,0.0019842357444492384,0.9801230372009695,0.9819541047528717,0.9800400463694805,0.9888357571925387,0.9827382363789652,0.003602572641421488,25,0.9818504256718973,0.9815721344026529,0.9819598280636553,0.9817652525233459,0.9817869101653879,0.00014189124429082477,0.32042993403949116,0.37330175528271287,0.47005820897144707,0.47081020846373706,0.4086500266893471,0.06455063533382739,40,0.04847314130813345,0.04485362111949881,0.04999377180347573,0.04644239524322307,0.04744073236858277,0.0019540790801289842
27.989451348781586,0.22760585187045138,2.7666690349578857,0.0750111442200335,0.25,5,1,"{'negative_perc': 0.25, 'np_ratio': 5, 'positive_sample_perc': 1}",0.25840035425222463,0.5034777287287728,0.4128160082775405,0.3512691263242824,0.3814908043957051,0.08934020210473209,45,0.04956468637814128,0.04301033112014839,0.04640513335987839,0.04682284641294585,0.04645074931777848,0.002327746681574926,0.9717989250711351,0.9709110549056803,0.9698954052060281,0.970788544630625,0.9708484824533672,0.000674389587599117,83,0.9798466898787893,0.9790380567823967,0.9798652326085229,0.9765140622725107,0.9788160103855549,0.0013703500655345348,0.2815541702166385,0.5239918581807795,0.4349675326041776,0.3704019449354021,0.4027288764842494,0.08870228523093082,44,0.05002064866913584,0.04352124800431481,0.046961533047580564,0.04728228820288853,0.046946429480979934,0.002307364349410489
28.219092667102814,0.33161335168452355,2.9029831886291504,0.031752011133986555,0.25,5,1.25,"{'negative_perc': 0.25, 'np_ratio': 5, 'positive_sample_perc': 1.25}",0.10918863632451625,0.13578257742810057,0.39561833644459593,0.1181582860659755,0.18968695906579705,0.11927881787449365,83,0.028403494074859686,0.033718779880726385,0.034028313485714876,0.030462975256973404,0.031653390674568585,0.002339070740008942,0.982171461692486,0.9837390662872799,0.9734521551269892,0.9824704921488039,0.9804582938138896,0.00408758283223484,41,0.9767815288367279,0.9770157424683075,0.9774700049871813,0.9773666169567274,0.977158473312236,0.00027515222725840716,0.1205668201646614,0.1496206431868658,0.41719450724413554,0.127920636472234,0.20382565176697418,0.12365077418831676,83,0.028868402126873742,0.03410412998626892,0.03439099382121132,0.030827188383525637,0.032047678579469906,0.002308544660123115
27.570506989955902,0.230463053776398,3.031716823577881,0.02947812869112771,0.25,5,1.5,"{'negative_perc': 0.25, 'np_ratio': 5, 'positive_sample_perc': 1.5}",0.45189481682600935,0.46403215002069675,0.4982331575774973,0.43414039459206105,0.4620751297540661,0.023426593351832812,17,0.04326178853436638,0.04643759190805462,0.044600285795056066,0.04103707250359356,0.04383418468526766,0.001969524941992014,0.9718687427547686,0.9734903572557698,0.970569870376225,0.9723521972810623,0.9720702919169565,0.0010473708829111493,81,0.9770541693837472,0.9760244107993227,0.976648794846262,0.9765415184546318,0.9765672233709909,0.00036710916482815206,0.47727628030489433,0.4845198317266245,0.5232472436773644,0.4518784749938119,0.4842304576756738,0.025580288766914056,14,0.04377248727671155,0.04703752407837087,0.04510915702769509,0.041435869420236596,0.04433875945075352,0.002038644012953514
352.1120106577873,4.696479591094628,3.0917778611183167,0.0689992144574672,0.5,0.5,0.25,"{'negative_perc': 0.5, 'np_ratio': 0.5, 'positive_sample_perc': 0.25}",0.0727969352593447,0.048743305807107735,0.15488416858390386,0.20509819367040444,0.12038065083019019,0.062776735323979,88,0.038436493498262544,0.03903697784776905,0.023758440159152593,0.020446506162232,0.030419604416854044,0.00840183660659786,0.9786153704289177,0.9605938455053219,0.9788557803772789,0.9809707292654652,0.974758931394246,0.008229404362579925,75,0.9872247850600986,0.9911669505036705,0.9825405725578046,0.9849798019393656,0.9864780275152348,0.0031737941426734214,0.07853057803904757,0.053563060979753704,0.1653182538430694,0.2176771238666393,0.1287722541821275,0.06599305779522514,88,0.038931554269214116,0.03913835741858092,0.023975192070487435,0.020297496538647708,0.030585650074232543,0.008549081499508093
249.0589308142662,4.189764273331201,3.1573219895362854,0.05009884616761886,0.5,0.5,0.5,"{'negative_perc': 0.5, 'np_ratio': 0.5, 'positive_sample_perc': 0.5}",0.6644759137538641,0.09645466621735001,0.6414023655986552,0.1024021567931791,0.3761837755907621,0.27688355261494646,47,0.038472885656466595,0.052476665802298976,0.05509936480699442,0.03796193800997791,0.04600271356893448,0.007842408769754297,0.9842093476657182,0.9757192538729055,0.9828604173253241,0.9757798503530404,0.9796422173042472,0.003921830301777127,46,0.988935884451787,0.9898989596463472,0.9878136785055793,0.9900578097946111,0.9891765830995811,0.0008963583455784134,0.6717244831167164,0.10902268189679304,0.6618546193365793,0.10908583520263197,0.3879219048881802,0.2788894789146392,50,0.038901059012057676,0.05349310565631154,0.05616453203091594,0.038554400198034376,0.04677827422432989,0.008106685825176296
208.19083535671234,3.0971811635865802,3.363156020641327,0.03722310238418048,0.5,0.5,0.75,"{'negative_perc': 0.5, 'np_ratio': 0.5, 'positive_sample_perc': 0.75}",0.705645434951469,0.6564235747232723,0.683632871798903,0.11636994274055987,0.5405179560535511,0.2455018396227153,6,0.050310691735946794,0.05212411784063677,0.036941399412502976,0.053773139749659304,0.04828733718468646,0.006664067510801923,0.9882456001686163,0.9868163136263041,0.9848060912635683,0.9742109284434609,0.9835197333754874,0.0055115747335770906,19,0.9918117326986368,0.9927732473947866,0.9907027050899209,0.9919894820574637,0.991819291810202,0.0007392257810877067,0.7072165747092853,0.6580986770293378,0.685346458690208,0.1262195058185748,0.5442203040618515,0.24195935966960277,6,0.050898199552689094,0.052684312062687214,0.0373643801114427,0.05498899768136979,0.0489839723520472,0.0068635273874579055
186.70780366659164,3.819097643694207,3.47413969039917,0.11781766305456852,0.5,0.5,1,"{'negative_perc': 0.5, 'np_ratio': 0.5, 'positive_sample_perc': 1}",0.6466133380326171,0.5912746883999,0.1319910894295614,0.6504449820467759,0.5050810244772136,0.2166722889959102,9,0.04366780109534477,0.0501728369073843,0.07202576706724068,0.05924151299115747,0.05627697951528181,0.010642658332034314,0.9867096111286754,0.9782537675202867,0.9729555274528402,0.9867399093687428,0.9811647038676363,0.0058671338986906055,35,0.9908495222206269,0.9902957700540251,0.9914264055549482,0.9907410847609135,0.9908281956476286,0.0004029191095119096,0.6479554713415242,0.5919082326945715,0.1472407767973821,0.6724059998791034,0.5148776201781453,0.21425187791306477,9,0.0442930251786673,0.05079801550281888,0.07349211492148607,0.060263602102948594,0.057211689426480215,0.01098172942243158
174.91137373447418,1.729117607848123,3.574303984642029,0.16201435216638002,0.5,0.5,1.25,"{'negative_perc': 0.5, 'np_ratio': 0.5, 'positive_sample_perc': 1.25}",0.5517548028088034,0.7449191273675551,0.41800618098629355,0.6274931512850352,0.5855433156119219,0.1187126711452706,3,0.03750363179602314,0.04028281223064836,0.03182619393760766,0.03524304905295783,0.03621392175430925,0.003098950261613885,0.9786094425123828,0.986268310675519,0.9775108019812414,0.9773751185583307,0.9799409184318685,0.0036843424000706673,43,0.9889749670628893,0.988021929165902,0.9901898007587698,0.9894797811403556,0.9891666195319793,0.0007893061381548676,0.5539259922585886,0.7466046963452052,0.4434177116721988,0.6289532289825993,0.5932254073146479,0.11044056460615508,4,0.037916930149428915,0.04084197149404002,0.032034304216199516,0.035631631875048045,0.03660620943367912,0.003221482103089082
162.99512600898743,2.4504911363703803,3.778999447822571,0.07843274108082753,0.5,0.5,1.5,"{'negative_perc': 0.5, 'np_ratio': 0.5, 'positive_sample_perc': 1.5}",0.6019639436619268,0.60227173406169,0.5746228838284618,0.5980826995692886,0.5942353152803418,0.011442962431243202,2,0.04570967675033136,0.03475531217161554,0.04969891267832614,0.040818057751181344,0.042745489837863596,0.005583332939143361,0.9825152808515123,0.9690510064284962,0.9816985456844768,0.9759339761829486,0.9772997022868584,0.005395791743468023,60,0.9914741883026001,0.9871327256754433,0.9910700979550908,0.9887061218198016,0.989595783438234,0.0017720157637027758,0.6030093242151318,0.6026680632780063,0.5836165706631093,0.5990144138057668,0.5970770929905036,0.007927628733198255,2,0.04627406354640941,0.03528945805976933,0.05043813436898143,0.04131961520525638,0.043330317795104135,0.005654313523416473
231.26500755548477,3.976452487674616,3.7529293298721313,0.2563138734925952,0.5,1,0.25,"{'negative_perc': 0.5, 'np_ratio': 1, 'positive_sample_perc': 0.25}",0.08100912257757946,0.1109402631517831,0.5819243238417843,0.2842548963517899,0.2645321514807342,0.1989961984809989,75,0.0595521752502517,0.03146361903891286,0.04163945625848706,0.09678791263448118,0.057360790795533204,0.024885356974279293,0.961429023079355,0.9815378332806407,0.9771722520813573,0.9722560333017178,0.9730987854357677,0.0074950691066757325,78,0.9885259272029152,0.988353433430936,0.9884805152675271,0.9884711465504659,0.988457755612961,6.369419601223359e-05,0.08787491986609422,0.11681558927292822,0.583086563079716,0.3048827370599708,0.2731649523196773,0.19737967355879282,76,0.05959491580078221,0.030761819072535786,0.0411183184557692,0.09854272741326717,0.057504445185588594,0.025846585249408784
160.4480118751526,2.455194284509062,3.8837916254997253,0.27365275091097996,0.5,1,0.5,"{'negative_perc': 0.5, 'np_ratio': 1, 'positive_sample_perc': 0.5}",0.08694609270783346,0.12534859179639365,0.6068053763844679,0.6186617639762447,0.3594404562162349,0.253691382026495,56,0.03676276358042418,0.056419684696228975,0.039537993729590964,0.04430468693515842,0.044256282235350636,0.007522728406229673,0.9746667193592581,0.9820766150279271,0.9853435556960691,0.987465749815576,0.9823881599747076,0.0048537096095077085,29,0.9902328032273466,0.9918292145757813,0.9897534238423175,0.9917309833483309,0.990886606248444,0.0009100884437143755,0.0917753752750304,0.13349643394773564,0.6079472967546882,0.6214257020933333,0.36366120201769686,0.2515034576428997,58,0.03736638860530351,0.05731434489020198,0.040033874306029595,0.04455968216076982,0.04481857249057622,0.007658977305150443
136.07336401939392,1.8305248081080188,4.118636071681976,0.33849839470210025,0.5,1,0.75,"{'negative_perc': 0.5, 'np_ratio': 1, 'positive_sample_perc': 0.75}",0.4940780189898247,0.47294166444896063,0.6025863927000605,0.15525960989794493,0.4312164215091977,0.1667426199542308,30,0.042681410944639134,0.042772737972745264,0.040212224539379005,0.05228471306217439,0.04448777162973445,0.0046172740332367426,0.9866832648329644,0.9867952365897354,0.9836560754557908,0.9733454526293603,0.9826200073769628,0.005500759105868583,27,0.9881832975863711,0.9921785428822901,0.98972434273754,0.9914100632711381,0.9903740616193348,0.0015452373381121774,0.525016988189459,0.48177830212790035,0.6034995637035794,0.16834211974925561,0.44465924344254854,0.16539089443289917,32,0.04317404031224486,0.043338734102760006,0.040737323464501804,0.05374214045203853,0.0452480595828863,0.005011068495476986
114.47559720277786,1.1678446944979723,3.855282962322235,0.19881767147387178,0.5,1,1,"{'negative_perc': 0.5, 'np_ratio': 1, 'positive_sample_perc': 1}",0.3443440043916282,0.6040682797162831,0.24341715505763598,0.18817557810030297,0.3450012543164626,0.15971050182271812,59,0.04274564073721828,0.042400763404096355,0.052821630036842995,0.04664257846532824,0.046152653160871464,0.004195226149390257,0.9882113499841922,0.9816669301296238,0.9791613974075245,0.974411160290863,0.9808627094530509,0.004979112315989182,39,0.9916156940121116,0.9914954440089276,0.991412518550747,0.9910525244523516,0.9913940452560344,0.00020999261899204666,0.36828461725660666,0.6051506693468196,0.24843594458322962,0.20477370354888388,0.3566612336838849,0.15545468607699933,61,0.0434973119841148,0.04276935022191114,0.05342891729237499,0.04787761079565108,0.04689329757351301,0.00424920161651097
106.33285874128342,0.4153853412932062,4.077522456645966,0.10587873006370482,0.5,1,1.25,"{'negative_perc': 0.5, 'np_ratio': 1, 'positive_sample_perc': 1.25}",0.2856727239548274,0.17416062828541493,0.5437650178116038,0.5011122059500814,0.3761776440004819,0.15223024323482748,48,0.03364033213719117,0.01795066822287848,0.04269426375672156,0.04041745008160888,0.03367567854960002,0.00967036144195611,0.9671369480451049,0.9725866793128886,0.9787187796395826,0.9859218568869217,0.9760910659711245,0.007000112192618963,67,0.9904474748375501,0.980671911502778,0.9912358257495592,0.9880650060802745,0.9876050545425403,0.004169588724264945,0.3126378612587434,0.18736635178317215,0.5461140566632735,0.5341845745179193,0.3950757110557771,0.15174240899149852,47,0.03399180004295256,0.018180344200896204,0.04312392964855906,0.041120904801581426,0.03410424467349731,0.009800146509856934
101.53724080324173,0.5403846666035147,4.167533874511719,0.008322190411453679,0.5,1,1.5,"{'negative_perc': 0.5, 'np_ratio': 1, 'positive_sample_perc': 1.5}",0.5224614546795169,0.06374898929645656,0.43938956710715804,0.6015571426441064,0.40678928843180945,0.20618801618879468,36,0.03499912302767081,0.04092890949874449,0.037756438023153926,0.033074249885576015,0.036689680108786316,0.0029596603357464582,0.9847731583939299,0.9448216355780377,0.982604858256929,0.979719938876594,0.9729798977763726,0.016355708057959092,79,0.9885832189693202,0.988833963862499,0.9891447034771272,0.9893466104966647,0.9889771242014028,0.00029165868345370404,0.5255769738830073,0.06847353614234714,0.473704292569936,0.6037322974650413,0.41787177501508294,0.20696675035644793,37,0.03533733381275288,0.041840197268670845,0.03826349299757259,0.033435978911823094,0.03721925074770485,0.0031740489032256462
176.88461792469025,2.716679499498424,4.239185869693756,0.26919518861900266,0.5,1.5,0.25,"{'negative_perc': 0.5, 'np_ratio': 1.5, 'positive_sample_perc': 0.25}",0.23885806025116402,0.5962363964754909,0.5514673878157467,0.4319120924636557,0.4546184842515143,0.13829631590999322,22,0.08000630496336203,0.052745074351763385,0.0874661598072902,0.05191214217593814,0.06803242032458844,0.01592647527002508,0.947295552745284,0.9838115186004848,0.978597586679313,0.9674662767414901,0.969292733691643,0.014005242937280522,85,0.9910864516921003,0.9903750920493631,0.9891332173498378,0.9895102609671027,0.990026255514601,0.0007598470898050009,0.26198917177232667,0.5971707436536703,0.5612240679049936,0.4529629500779578,0.4683367333522371,0.1304242390363127,23,0.08165099236256901,0.0531988402778558,0.08916011632855175,0.052351873493773626,0.06909045561568755,0.01653240706912419
123.11987805366516,1.6328146574470668,4.553278625011444,0.1987447311015911,0.5,1.5,0.5,"{'negative_perc': 0.5, 'np_ratio': 1.5, 'positive_sample_perc': 0.5}",0.6009032142095633,0.04966387157360447,0.08208501209206429,0.1709508601166405,0.22590073949796813,0.22101399409818026,79,0.02546187395385933,0.06384625996664314,0.03663534020129036,0.033755478197070865,0.03992473807971593,0.014407407417817509,0.9837100853619981,0.9760064284961535,0.9783762777953419,0.9808343871851618,0.9797317947096637,0.0028617427474902594,45,0.9800072465537553,0.9911802190351074,0.98895269918007,0.9845696743241537,0.9861774597732715,0.004283283180622682,0.6019571542818051,0.053151746483945425,0.08954336649389753,0.18808549840583208,0.23318444141637,0.2185587781720945,81,0.026073670560752153,0.06519768714481325,0.03735478112621122,0.034448483035521386,0.040768655466824504,0.014699653802800711
105.48882347345352,1.4964335056026916,4.790450751781464,0.2933170578748833,0.5,1.5,0.75,"{'negative_perc': 0.5, 'np_ratio': 1.5, 'positive_sample_perc': 0.75}",0.34389170880274517,0.5186432447538348,0.5905216550504122,0.40182912773614254,0.4637214340857837,0.09654600195039434,14,0.039857799923809445,0.03902780067886676,0.04619228223646927,0.05155335090598813,0.044157808436283405,0.0050901911767475,0.9854410369901991,0.9817196227210454,0.969060227631995,0.9884326588681631,0.9811633865528505,0.007381335715787029,36,0.9908235778608191,0.9906704371324268,0.9918179417643297,0.9901723632627727,0.9908710800050871,0.0005973412536326888,0.3673797454479241,0.5374863029503241,0.5911069091773524,0.42614389370802264,0.4805292128209059,0.08836303235701676,18,0.04070979431309281,0.039476812527642395,0.04666495109652438,0.05248570929453442,0.0448343168079485,0.005186751555799692
101.65692120790482,3.066581610669833,5.892663359642029,0.2952270458276661,0.5,1.5,1,"{'negative_perc': 0.5, 'np_ratio': 1.5, 'positive_sample_perc': 1}",0.49645727300610054,0.4903994213632548,0.5485814571754792,0.20244121076294025,0.43446984057694377,0.13585774350601698,29,0.05252448719331611,0.0440158700788531,0.03425251243727226,0.03412209438291179,0.04122874102308832,0.007657254104207224,0.9859113183686374,0.9728369691221415,0.9833333333333333,0.9868703235325114,0.9822379860891559,0.005579669027460643,30,0.9902323422360731,0.9898424724671959,0.9878232977613759,0.989158581891429,0.9892641735890184,0.0009163859556602611,0.5299020398029514,0.523561958809077,0.5822167233434078,0.21655889080021318,0.4630599031889123,0.14412621799951922,25,0.05364649574281979,0.04470240424582918,0.03471900471154625,0.034514724658791615,0.041895657339746706,0.007936348996178722
100.01036930084229,2.5124445593331437,6.6343958377838135,1.1684416056137352,0.5,1.5,1.25,"{'negative_perc': 0.5, 'np_ratio': 1.5, 'positive_sample_perc': 1.25}",0.38296630548546556,0.3179924317298727,0.1793234238172303,0.24149905650866482,0.28044530438530835,0.07691356738524903,72,0.034561780425093974,0.032884627048329354,0.03245483870542673,0.026886951963469657,0.03169704953557993,0.0028865336693550915,0.980423384972073,0.9837193065654969,0.982079249657498,0.9804312888607861,0.9816633075139634,0.0013652305518061223,33,0.9894099108977742,0.9880776718870959,0.987600097812613,0.9854047628793746,0.9876231108692145,0.0014422965598169396,0.41208643073846635,0.340989203503833,0.19336700097020795,0.26207976334690203,0.30213059963985234,0.08220989260755192,71,0.034916872798090255,0.03317022987049456,0.03291789379920643,0.027350265205092872,0.03208881541822103,0.0028420324965406853
95.79939031600952,1.8562817047542515,7.37091588973999,0.3937511890301929,0.5,1.5,1.5,"{'negative_perc': 0.5, 'np_ratio': 1.5, 'positive_sample_perc': 1.5}",0.680796383790772,0.5428217465537964,0.5757480375615047,0.5397221098798654,0.5847720694464846,0.057208894729112,4,0.03180680399336219,0.03226798381693977,0.038785956895104466,0.03075812419160623,0.033404717224253165,0.003154666567497977,0.9873761724101592,0.9834453050901044,0.9846783117293709,0.9882851196121826,0.9859462272104543,0.0019607002614020026,11,0.9882060565251122,0.9882586267100887,0.9892200053994964,0.9877444539371105,0.9883572856429519,0.0005367615646478736,0.6826053181275078,0.548350106585163,0.5789895975310186,0.5738141631308213,0.5959397963436277,0.05136278838379427,3,0.03216800406711332,0.03259439385274555,0.03911017022978884,0.03105809721589629,0.033732666341386,0.003154944546570444
133.3822966814041,3.7913205414923543,6.463909864425659,0.8454970412207268,0.5,3,0.25,"{'negative_perc': 0.5, 'np_ratio': 3, 'positive_sample_perc': 0.25}",0.4690867454783191,0.45549439281439175,0.6377443314897798,0.35097435748327815,0.47832495681644216,0.10276099864872572,11,0.06786697168339534,0.06606750381019486,0.05677119913239483,0.07370378349723714,0.06610236453080554,0.006082089930043287,0.9793642638844978,0.9767928654231215,0.9869625355674992,0.9760261882179365,0.9797864632732639,0.004323643211345646,44,0.9900084278940012,0.990778512384711,0.986391480340675,0.9902625156897378,0.9893602340772814,0.0017363236620911483,0.4826948079336504,0.4854451318429357,0.6391372747892086,0.3817254125658766,0.49725065678291785,0.09196349489811344,11,0.06859566737462096,0.06638523894432921,0.05785481456587355,0.07406509507746153,0.0667252039905713,0.005834638361049837
94.25954061746597,2.329319819933658,7.048691391944885,0.6950246750691548,0.5,3,0.5,"{'negative_perc': 0.5, 'np_ratio': 3, 'positive_sample_perc': 0.5}",0.4194016913307977,0.36349326967653117,0.31454980080379463,0.6645691327294772,0.4405034736351502,0.1345786052974726,27,0.053064621324893056,0.07348280524853101,0.04387908392493884,0.06012523633972036,0.05763793670952082,0.010810501399379889,0.9850800927389609,0.9837114026767836,0.9872339024133207,0.9863657919696491,0.9855977974496787,0.0013316492069482717,12,0.9893186546687226,0.9888542918596799,0.9879960363454912,0.9891941140107354,0.9888407742211573,0.0005164744752164662,0.45048673457240934,0.39002793055948437,0.3345201901882992,0.6662612917303846,0.46032403676264433,0.12577268767329555,26,0.05360115594423969,0.07438934357622258,0.044581747746566515,0.06067813012944247,0.05831259434911781,0.01089485458261106
83.80470126867294,1.3722075238874687,7.953024446964264,0.19880923353574567,0.5,3,0.75,"{'negative_perc': 0.5, 'np_ratio': 3, 'positive_sample_perc': 0.75}",0.4799174827732504,0.5648539625546352,0.32048871175170107,0.2519095962371501,0.4042924383291842,0.12424043782227912,37,0.06387302109545691,0.05388374427093962,0.04830412105933369,0.05429012645032799,0.05508775321901455,0.00559652666722576,0.989116345241859,0.9862208873432396,0.9862669933607334,0.9837719991569186,0.9863440562756878,0.0018922323597372706,9,0.9882645680572469,0.9871281086044588,0.9873541804429565,0.9883107029758436,0.9877643900201264,0.0005295662969657496,0.49752670051476444,0.5671531376315452,0.3407397160645885,0.27057669550020974,0.418999062427777,0.11860643346861457,36,0.06453937579496355,0.05438825602183686,0.048967080370612884,0.05518537119117651,0.05577002084464745,0.00559983648379021
79.0986641049385,0.871279790770811,8.421424746513367,0.3636981961977626,0.5,3,1,"{'negative_perc': 0.5, 'np_ratio': 3, 'positive_sample_perc': 1}",0.24643923616800006,0.288616682236978,0.38486210358279044,0.32773882000667154,0.31191421049861,0.05099402038033289,65,0.04572963803261153,0.054779219409581234,0.04926544865103254,0.04841964383860011,0.04954848748295635,0.0032900823153225243,0.9860944251238275,0.9877766361049637,0.9895089050479502,0.9891268837601432,0.9881267125092211,0.0013382399122482936,3,0.9855817677802444,0.9863479209602802,0.9856887750216901,0.9868372130893392,0.9861139192128885,0.0005103536959963306,0.2648980446491664,0.3082778212513714,0.40567548227023753,0.3484897822894809,0.33183528261506406,0.05187797041357275,65,0.04630504032477852,0.055733178470136556,0.04974255066937122,0.04903933387878922,0.050205025835768885,0.0034403153762737585
74.260915517807,2.954658323079044,8.092187345027924,0.957267958442164,0.5,3,1.25,"{'negative_perc': 0.5, 'np_ratio': 3, 'positive_sample_perc': 1.25}",0.3483112690804476,0.4739218721519753,0.44336204761032555,0.26552986763391845,0.3827812641191667,0.08202547210577779,43,0.04623713268100988,0.036543152131677685,0.04592565390315807,0.039094871006163365,0.04195020243050225,0.004229985102249023,0.985786173464011,0.9882653598903994,0.9872167773211086,0.9836626620297186,0.9862327431763094,0.0017251518420513291,10,0.9841605889500815,0.9848578883589774,0.9859594570716221,0.9854242104118562,0.9851005361981342,0.0006679986651392267,0.3687466536977705,0.5012859560564181,0.4708833240473573,0.28715274870961444,0.4070171706277901,0.08484928044283839,42,0.04672697220657065,0.03699853273488124,0.046377458236159685,0.039544891069779944,0.042411963561847885,0.004238802472667041
73.95466560125351,3.0038317129764738,8.235725998878479,0.7399873362770737,0.5,3,1.5,"{'negative_perc': 0.5, 'np_ratio': 3, 'positive_sample_perc': 1.5}",0.3193962687343658,0.480110097502232,0.4843172200760747,0.3908317917938577,0.4186638445266325,0.06840080863697966,32,0.030968215863535417,0.04071403016667257,0.03721425699666152,0.03722752797960123,0.03653100775161768,0.0035140539293602446,0.9890544314469385,0.9868742754768679,0.9901148698492992,0.9886144483085678,0.9886645062704182,0.0011686560922646598,1,0.9809894586127647,0.9852345210927158,0.9846246511126417,0.9841618373488098,0.983752617041733,0.0016400448774688905,0.340158807772195,0.5111436640367957,0.5150822657143725,0.41421517760184784,0.44514997878130275,0.0728453827692023,30,0.03129618643417663,0.04104402050043507,0.03760050531041969,0.03759267320554227,0.03688334636264341,0.0035194114164724243
101.01087415218353,2.6329101634213656,7.951392650604248,0.6727418535663726,0.5,5,0.25,"{'negative_perc': 0.5, 'np_ratio': 5, 'positive_sample_perc': 0.25}",0.346905558881204,0.31719098843918836,0.05112419046502347,0.35235296807367733,0.2668934264647733,0.1252911434722286,74,0.05430041092784427,0.10029005897192317,0.038655681602638645,0.06591836497906801,0.06479112912036852,0.022663635335233114,0.9600721888502477,0.9629808198967225,0.9768310675519022,0.9744361892717883,0.9685800663926653,0.007178243812107152,86,0.9888193696232384,0.9900404338595605,0.9846519312018227,0.9873054771444078,0.9877043029572573,0.0020110268909594533,0.3709863668095111,0.33715427424069266,0.05442568617852027,0.37384157498261955,0.28410197555283584,0.13338650367136193,74,0.05469460745757418,0.10189580160324949,0.038584185669823794,0.06675238522685406,0.06548174498937538,0.023277881557233246
76.44518369436264,1.4057910824985516,8.41230595111847,0.6334930978162204,0.5,5,0.5,"{'negative_perc': 0.5, 'np_ratio': 5, 'positive_sample_perc': 0.5}",0.29600067133459973,0.4999504395300338,0.23283780793531067,0.33359592013480843,0.3405962097336882,0.09879702653888407,61,0.06144368344086116,0.053342699743727864,0.07270273468693594,0.039055991103702496,0.05663627724380687,0.012259244701778391,0.9892454420908421,0.9891387395932132,0.9855187585625461,0.9864329750237116,0.9875839788175783,0.0016407075998748132,5,0.9826436270138275,0.9838194940622491,0.9828855672600126,0.986303206238402,0.9839129736436227,0.0014481673792188338,0.31508550053976603,0.5279495014199928,0.2490268843714594,0.3560355829899079,0.36202436733028154,0.10312456549141336,59,0.06199751915907906,0.05376346675617537,0.07336276278820728,0.03954418497243569,0.05716698341897435,0.012326640820541657
70.55895012617111,3.0460069054589654,9.26795756816864,0.5204210231188945,0.5,5,0.75,"{'negative_perc': 0.5, 'np_ratio': 5, 'positive_sample_perc': 0.75}",0.32887756828836184,0.17240448754365154,0.21883852867361211,0.409289652372785,0.2823525592196027,0.09273647155850404,71,0.052606584715376034,0.055006624992886756,0.042056557476713545,0.05429991168437037,0.05099241971733668,0.005232315685490894,0.9884550532195173,0.981930393086732,0.9877397512909685,0.9754096848983034,0.9833837206238804,0.0052533518859675145,20,0.9852095030104048,0.9850379383792219,0.98379878667784,0.9863130173352875,0.9850898113506885,0.0008916269518746008,0.3523443844501721,0.18908567604582507,0.2323412604106397,0.4371504669593206,0.3027304469664894,0.09797966129395476,70,0.053194814742388824,0.05551296444646567,0.0424745638960189,0.0549567918072975,0.051534783723042724,0.005300456289228924
69.40641850233078,1.655336526920649,9.197983801364899,1.0100790446446521,0.5,5,1,"{'negative_perc': 0.5, 'np_ratio': 5, 'positive_sample_perc': 1}",0.5682476830156313,0.17220735321543063,0.4418222897273865,0.6153542008262134,0.44940788169616547,0.17216180863215375,24,0.05521287130403818,0.05138472156285728,0.055267017988209544,0.05807645565894047,0.05498526662851137,0.002379630334141452,0.9815444198545684,0.9814271788386553,0.970090367794288,0.985039255980609,0.97952530561703,0.005637278696019604,47,0.9841308321065427,0.9846488130683019,0.9833089619750115,0.9842453011073594,0.984083477064304,0.000486802819911279,0.5959600696253107,0.18776229774096165,0.4642899632787497,0.6203455721939011,0.4670894757097308,0.17184773107868434,24,0.05570188987892986,0.05207725281680235,0.05583964144150155,0.05859641008336965,0.05555379855515086,0.002315571872040197
65.44498419761658,4.924173288951619,8.932398438453674,1.1539837466449943,0.5,5,1.25,"{'negative_perc': 0.5, 'np_ratio': 5, 'positive_sample_perc': 1.25}",0.4444592832952485,0.44549306959314117,0.23924774983310987,0.15906237244572727,0.32206561879180673,0.12613822027850782,62,0.04964229550109478,0.04702176757884602,0.04311447721676784,0.03775105719786045,0.04438239937364227,0.004478144075463246,0.9857953946675098,0.9806618189482559,0.9849114764464116,0.9816405838339128,0.9832523184740225,0.0021522324483167813,21,0.9824899207837177,0.9829113927928772,0.9822060618279435,0.98258655715316,0.9825484831394246,0.00025191017801660275,0.4672651260611188,0.4699285978341405,0.25590019201233877,0.17226631685010094,0.3413400581894247,0.13065033102645235,63,0.05019675603330562,0.04755378751291875,0.04366530486663567,0.038156706701607264,0.04489313877861682,0.004530300787893377
62.46914392709732,0.40716593385274086,9.41190630197525,0.2979032102865052,0.5,5,1.5,"{'negative_perc': 0.5, 'np_ratio': 5, 'positive_sample_perc': 1.5}",0.33093723914680334,0.4047800407869963,0.3890137680815114,0.45404698168364865,0.39469450742473994,0.04393658567073144,38,0.04602238454962965,0.043253785722589234,0.04487586557974262,0.03282889339625378,0.04174523231205382,0.0052409858083667825,0.9709953630519549,0.9853382864369269,0.9772815892085573,0.9687295816208241,0.9755862050795658,0.0064433402425076,71,0.9808421246564384,0.9817430390432235,0.9813761816151227,0.9629839841438241,0.9767363323646522,0.007946381641391035,0.35236535963737625,0.426211511752193,0.41183075216081283,0.4748634520408783,0.4163177688978151,0.043690751686625035,39,0.0465346907608996,0.043675691416967255,0.04530545819442655,0.033185322564489875,0.04217529073419582,0.005288502784888631
1328.3540537953377,16.77659058162327,9.841193675994873,0.10629541468026972,1,0.5,0.25,"{'negative_perc': 1, 'np_ratio': 0.5, 'positive_sample_perc': 0.25}",0.11746349099492846,0.21020992140681613,0.0683413385848463,0.04315611704030741,0.10979271700672458,0.0638378981116741,89,0.025762028622925304,0.028000617043506294,0.04441874759742621,0.014894117013131727,0.028268877569247383,0.010560051813436368,0.9827300031615556,0.984439877753188,0.9757317683633681,0.961064785541153,0.975991608704816,0.00921488980577911,68,0.9850778112610789,0.9880930821668097,0.9883253287114023,0.9817837021958349,0.9858199810837814,0.0026592347854177568,0.12868687351158656,0.2175297815167346,0.07412898257804669,0.04604967760668251,0.11659882880326258,0.06541033674709022,90,0.026066950871233167,0.027727843830908497,0.044729871153637954,0.014889054056436873,0.028353429978054123,0.010666496487476723
800.0654041171074,5.598333721605825,9.603485584259033,0.31667681436582795,1,0.5,0.5,"{'negative_perc': 1, 'np_ratio': 0.5, 'positive_sample_perc': 0.5}",0.05416929179021717,0.02592103309907973,0.08832090752886256,0.26717640036384394,0.10889690819550084,0.09401579294182817,90,0.08904600009937846,0.0794676714617851,0.03136833619035874,0.0497261683115688,0.062402044015772776,0.023048345288614488,0.9687203604173253,0.9594220940035832,0.9757087153546211,0.9824836652966593,0.9715837087680474,0.008542955711018891,82,0.9916937017528251,0.9929038238888266,0.9895513979958367,0.9899302998946947,0.9910198058830457,0.0013552586940583171,0.05892977378231325,0.02765543857588272,0.09558643075213206,0.2880196260553409,0.11754781729141724,0.10131591047059682,89,0.09000472279633862,0.0808108035684112,0.03136044472783553,0.0502933139890704,0.06311732127041393,0.023499713014941043
616.7870993614197,3.14241034779336,10.0205779671669,0.16308391150968563,1,0.5,0.75,"{'negative_perc': 1, 'np_ratio': 0.5, 'positive_sample_perc': 0.75}",0.3541250732835429,0.42385431517947597,0.607490730483695,0.2754880401148532,0.4152395397653918,0.12278048944760725,33,0.05847291408488851,0.07038043368628245,0.06000061083682586,0.09544971866131444,0.07107591931732782,0.014799189112507856,0.9690338813362841,0.9809331857940773,0.9921553904521024,0.9670697649910422,0.9772980556433766,0.01008549794851186,61,0.9909085019022849,0.9935893565670492,0.991421977461753,0.9922013290223797,0.9920302912383667,0.0010109890686877906,0.3761456489326409,0.4551399695364726,0.6313395330274849,0.3038522114758701,0.4416193407431171,0.12190482454482346,33,0.05943214076595589,0.07127849630600254,0.06114576011872516,0.09731034925030253,0.07229168661024653,0.015137367931425188
522.5984997153282,2.3783478917210794,10.390199601650238,0.27880481391074835,1,0.5,1,"{'negative_perc': 1, 'np_ratio': 0.5, 'positive_sample_perc': 1}",0.16112491305425186,0.23401956391991052,0.3878093645082958,0.10419408545937939,0.22178698173545938,0.10632620029859763,80,0.06138025789578362,0.046864715881997525,0.047356725547360715,0.08010879705127441,0.05892762409410406,0.013546742672312782,0.9754162714722311,0.9752081357361155,0.9803904521024345,0.9792760037938666,0.977572715776162,0.002295774318034862,59,0.9906248190394504,0.9918356799068094,0.9929061904061406,0.9914484157407825,0.9917037762732958,0.0008204504904977086,0.17280069980646356,0.25125456784305533,0.4118003036380666,0.11124920452567368,0.2367761939533148,0.11257547602334629,79,0.06332514867040487,0.04745210065580682,0.0481194248189274,0.08203214163819073,0.06023220394583245,0.014096578031040672
469.5365894436836,1.290860448331634,10.443398773670197,0.10575396081095786,1,0.5,1.25,"{'negative_perc': 1, 'np_ratio': 0.5, 'positive_sample_perc': 1.25}",0.3750425817493981,0.22632190693440202,0.725885676678115,0.5260341795459715,0.46332108622697166,0.18495594176084393,15,0.05978172379807395,0.05815082319054899,0.04372630792838073,0.03685237370955048,0.04962780715663853,0.009666737018994793,0.9667167246285172,0.9873432395405205,0.9860707134576879,0.9836178733270101,0.980937137738434,0.008318627174548713,37,0.9926202211983877,0.9902746503544398,0.9904098482144141,0.9885685230829153,0.9904683107125394,0.0014388219117356651,0.40424712833021376,0.24236148159873652,0.727201694860186,0.5577493987338118,0.48288992588073704,0.17981296063757465,16,0.060885811323182853,0.05923458058339439,0.04458459944401522,0.037422554747870866,0.050531886524615835,0.009876303026271205
410.67119985818863,37.52549237541735,9.591669261455536,2.2184574831691837,1,0.5,1.5,"{'negative_perc': 1, 'np_ratio': 0.5, 'positive_sample_perc': 1.5}",0.6444630701643103,0.09255139651072317,0.349222189921403,0.381453126075521,0.36692244566798937,0.19546912197842603,52,0.05167371351229821,0.042226914289678966,0.052035412449737126,0.07686136051710363,0.05569935019220448,0.012835180175966368,0.9882199125302983,0.9745270839919907,0.9792667825903677,0.9697913373379702,0.9779512791126567,0.0068096465337130745,55,0.9892313311819949,0.9914022493258876,0.9931014789081087,0.9923913247146022,0.9915315960326484,0.0014587335777087147,0.6459428651669898,0.10520980074096069,0.3781375494668752,0.4184975008821946,0.3869469290642551,0.19204670535088464,52,0.05334312907382654,0.04300815865004501,0.05261619938880957,0.07751329690870082,0.056620196005345486,0.012733620684027473
604.3749806284904,8.87241822053719,6.223207652568817,0.10433666627717274,1,1,0.25,"{'negative_perc': 1, 'np_ratio': 1, 'positive_sample_perc': 0.25}",0.1180133386224948,0.054145810251206614,0.3564882821161742,0.12089477368161784,0.16238555116787337,0.11519775338291306,87,0.04002278192878675,0.028231658851272285,0.029533314413031836,0.05835674238576314,0.0390361243947135,0.01205507824397017,0.9750685003688481,0.9806196648751185,0.9787635683422911,0.9650002634629571,0.9748629992623038,0.0060346794918624816,73,0.9801824160794306,0.9879506100936039,0.986870132447546,0.9925819030883414,0.9868962654272304,0.004430422504867143,0.126115933443138,0.05782420676017782,0.3771071478961245,0.12830395765857966,0.17233781143950502,0.12157229237561534,87,0.04102970299046606,0.028287781480095198,0.029576902116684376,0.05902067012708763,0.039478764178583314,0.012324533108287778
384.45184272527695,5.803750022386031,6.565908849239349,0.031372230636995346,1,1,0.5,"{'negative_perc': 1, 'np_ratio': 1, 'positive_sample_perc': 0.5}",0.49584581077086565,0.15639646684505437,0.04575292944287164,0.04418252817145636,0.185544433807562,0.18483871454661777,84,0.06186626073272041,0.09467101907424935,0.04966071221776911,0.04392404527921434,0.0625305093259883,0.01965506153006358,0.982039730213932,0.9623748550953735,0.965798556222995,0.9496838444514701,0.9649742464959428,0.011537584792646535,87,0.9914416669430706,0.9941969631086035,0.9903290115334633,0.9906205097731983,0.991647037839584,0.0015276820102219169,0.49806039318106093,0.17453111485030723,0.04884238394748017,0.0508389539817069,0.1930682114901388,0.18329900836214819,84,0.06279864217407806,0.09564610073328843,0.05029316247083351,0.04422283006691838,0.0632401838612796,0.019872238900043804
312.12904542684555,1.9739245122248488,6.500655174255371,0.25962158692173287,1,1,0.75,"{'negative_perc': 1, 'np_ratio': 1, 'positive_sample_perc': 0.75}",0.32229622593499596,0.3708173778357595,0.38011129424916185,0.014320684841312369,0.2718863957153074,0.1503173428839671,73,0.060866597669412624,0.05942724661801245,0.04374370869882696,0.05098221129178054,0.05375494106950814,0.006904047976198997,0.9809015702392243,0.9731952787438086,0.9691050163347033,0.9024541574454631,0.9564140056908,0.031440336021647156,90,0.9943641783873364,0.9922512993311057,0.9864726105098589,0.994531310630374,0.9919048497146687,0.0032625084128985364,0.3471711792074162,0.40771848358949253,0.4035292107651748,0.015570691090766833,0.2934973911632126,0.16223253790172987,73,0.06176280554998445,0.060591565258879654,0.04507050822080873,0.05150396933163806,0.05473221209032773,0.006847104076178813
270.9661468863487,4.991074726970475,6.784665286540985,0.30006546969650305,1,1,1,"{'negative_perc': 1, 'np_ratio': 1, 'positive_sample_perc': 1}",0.11303718812453648,0.6022109806343455,0.5979694734110943,0.6069078049332767,0.48003136177581324,0.21190777048210427,10,0.03745306070357055,0.05049492969534093,0.045486793264561905,0.05040747946975321,0.04596056578330665,0.005313605190986572,0.9788768574138477,0.984622984508378,0.9614263884497839,0.9796777848034567,0.9761510037938664,0.008781475054132687,66,0.9920482698980326,0.9925069934380498,0.9912355064916276,0.9922578505611289,0.9920121550972097,0.0004768958429119929,0.1219292205256442,0.6031903909440498,0.5989854361088317,0.607714956523741,0.48295500102556665,0.2084611903544315,15,0.03790291733032531,0.050993678645994384,0.04618251374754352,0.05193135975866728,0.046752617370632625,0.005555361878569986
250.55881190299988,1.1009616393555801,7.121764183044434,0.0557363156236654,1,1,1.25,"{'negative_perc': 1, 'np_ratio': 1, 'positive_sample_perc': 1.25}",0.3078781000407267,0.6020797035540408,0.07358810462757086,0.5158831239108814,0.37485725803330494,0.20418597221292314,51,0.036503644545420974,0.05183757892409205,0.05402086413650324,0.03549909249461212,0.044465295025157094,0.00850647014202192,0.97642401728317,0.9773777531879018,0.9783999894614817,0.9782946042786383,0.9776240910527979,0.0007988219017489968,58,0.9913973015437721,0.991379464617448,0.9922633452335129,0.9883768981730865,0.9908542523919548,0.001474243604782796,0.3339254725849037,0.602580547558976,0.0829746981282944,0.5368302304416416,0.38907773717845395,0.20258028785608065,49,0.03689222701842499,0.052501064575351454,0.05486058020054886,0.03614744335174046,0.045100328786516444,0.008624970871325237
230.10816222429276,2.4304550534923406,7.164986312389374,0.15606672415224573,1,1,1.5,"{'negative_perc': 1, 'np_ratio': 1, 'positive_sample_perc': 1.5}",0.09625915933936316,0.1213281983088799,0.3949917287768725,0.5769871942109387,0.2973915701590136,0.19946933444804224,69,0.04323706223606669,0.029149569703840274,0.04810137512778619,0.04099964960443999,0.04037191416803329,0.006969374204891428,0.9724878807039731,0.9721071767309516,0.9782379597428601,0.979961007482348,0.9756985061650332,0.0034577270319299746,70,0.9899490860049143,0.9873792400431154,0.9912707751873492,0.9902874535996534,0.9897216387087581,0.0014368832678225783,0.10189088600911732,0.13023857974911204,0.41603636729428545,0.5775478779362586,0.30642842774719337,0.19899630976504454,69,0.044026672438810574,0.029624091392615553,0.04911838541363894,0.04155007540043794,0.041079806161375756,0.007154672097175339
468.81966680288315,10.277817641874263,7.693736493587494,1.5795095959674725,1,1.5,0.25,"{'negative_perc': 1, 'np_ratio': 1.5, 'positive_sample_perc': 0.25}",0.3640241639102639,0.10004956470250376,0.5602273706758604,0.13318320333877492,0.2893710756568508,0.18652982476435315,70,0.07680004101644355,0.07474578290864345,0.05879982358170742,0.055670523102554714,0.06650404265233728,0.009362878858688105,0.9566840552218357,0.9601143429233849,0.9691498050374118,0.9600260828327537,0.9614935715038466,0.00463155355319259,89,0.9886857823694214,0.9909399538193259,0.9907189614747359,0.9881887493092575,0.9896333617431852,0.001211457942358891,0.386924179409554,0.11528911019138055,0.5619721932685443,0.1431774495059635,0.30184073309386056,0.18363218330130146,72,0.07784983800798938,0.07582577393469861,0.05964605252576651,0.056632686582152765,0.06748858776265182,0.009436897388660432
326.1889239549637,3.87962235582872,10.172054469585419,0.337407185369926,1,1.5,0.5,"{'negative_perc': 1, 'np_ratio': 1.5, 'positive_sample_perc': 0.5}",0.5839647610833993,0.19112314536675842,0.5724184733852398,0.21534340899158483,0.39071244720674553,0.1877190225721306,41,0.042119573742953734,0.09215988059936892,0.061921164795777035,0.06243050707000043,0.06465778155202502,0.017866071799248786,0.9755901570239224,0.9816906417957635,0.978011381599747,0.9754544736010117,0.9776866635051111,0.002525633345649626,57,0.9895867210942552,0.9928444676832404,0.9918607466652178,0.9926678507594984,0.991739946550553,0.0012972996653514276,0.5847136214866672,0.21044524509673565,0.5733403284888781,0.23399502801149463,0.40062355577094394,0.17864286438834823,45,0.04270274490618363,0.0935160243946798,0.06283766418409248,0.06322803122178276,0.06557111617668467,0.018144159575324392
270.48702389001846,8.103188902304016,10.007361769676208,1.0421260700965898,1,1.5,0.75,"{'negative_perc': 1, 'np_ratio': 1.5, 'positive_sample_perc': 0.75}",0.1737857899280022,0.16603753105343527,0.5121467331784034,0.6005710138850265,0.36313526701121684,0.19575551903726024,54,0.05905012976926886,0.04755315476811546,0.0826442155161521,0.050938635412716385,0.060046533866563195,0.013699328200721997,0.9688573611550215,0.96952260512172,0.9827471282537675,0.9852065549583728,0.9765834123722206,0.007448101234023542,63,0.9924799595926546,0.9924870448280971,0.9934135785901588,0.993074019862688,0.9928636507183995,0.0003986623626554806,0.1907895104084588,0.17874889317096299,0.5449050076678299,0.6012709679797548,0.3789285948067516,0.19522584905671136,54,0.060407428637221844,0.048269412939303466,0.08346551917431175,0.051418194076153945,0.060890138706747754,0.013773899831280162
241.11130791902542,2.867583950788358,10.771930992603302,0.6848707564782841,1,1.5,1,"{'negative_perc': 1, 'np_ratio': 1.5, 'positive_sample_perc': 1}",0.13812596091696244,0.2587512797467356,0.45789962242859933,0.06892622141803312,0.2309257711275826,0.1476033934108177,78,0.06192571532980623,0.023944602431166924,0.06804930419268242,0.04322501751430847,0.049286159866991,0.017253593300939958,0.9663136263041416,0.979113974075245,0.9827958689008325,0.9726551796817366,0.975219662240489,0.006294017376052625,72,0.9910731330529163,0.9836057415712928,0.9915344077930867,0.9901128037628982,0.9890815215450485,0.0032027674235699534,0.1513169062804735,0.26332884578584836,0.49258338834416593,0.07441398888758725,0.24541078232451877,0.15772516844138473,78,0.06318818594806898,0.02493670299562887,0.06974428743262233,0.04393553214214305,0.05045117712961581,0.017520684338389853
221.44708466529846,2.7114980938430775,11.149239182472229,1.8359574867590738,1,1.5,1.25,"{'negative_perc': 1, 'np_ratio': 1.5, 'positive_sample_perc': 1.25}",0.04304560831208529,0.52956658432087,0.04263431204543612,0.065688853345656,0.17023383950601187,0.20767050897386155,86,0.04603063106411988,0.04419452804945358,0.04298203031790961,0.04068891940498425,0.04347402720911683,0.0019399891207130626,0.9770312993993044,0.9818474022552429,0.9652979766044893,0.980698703762251,0.9762188455053219,0.00655124491925535,65,0.9913908648457423,0.9916481896019427,0.9907669174520278,0.9901859510521412,0.9909979807379635,0.0005678714514981036,0.045473094762438396,0.5326034621561534,0.04520627895280122,0.06996414013245025,0.17331174400096083,0.20768064207732995,86,0.04687235560822856,0.04496539173641304,0.044004740913655374,0.041444117706012605,0.0443216514910774,0.0019558326867978744
215.12719613313675,3.695457834820445,12.496608972549438,0.5623814172485904,1,1.5,1.5,"{'negative_perc': 1, 'np_ratio': 1.5, 'positive_sample_perc': 1.5}",0.08458725021379475,0.5135702650804141,0.19786358938221685,0.6674117681041097,0.36585821819513387,0.23456819104308116,53,0.052918953405265624,0.03981158188711494,0.044193728878737,0.05034837465932089,0.04681815970760962,0.005139598021169311,0.9780588049320266,0.9762323479818737,0.979997892296343,0.9875302982400673,0.9804548358625775,0.004296549004749157,42,0.9916103367781197,0.9899945981557967,0.9901557575553779,0.9913405981854834,0.9907753226686944,0.0007089034961647871,0.09086248318161139,0.5324481885907472,0.21919136455236557,0.6864593042570534,0.38224033514544437,0.23801134417843184,53,0.053538675039344244,0.04024447029899019,0.04501876528459378,0.05088211877802766,0.047421007350238964,0.005164266677365575
361.1356110572815,0.6542847762802785,13.082314789295197,0.30652926600514413,1,3,0.25,"{'negative_perc': 1, 'np_ratio': 3, 'positive_sample_perc': 0.25}",0.08041430647379257,0.16525278145727007,0.11512171713793655,0.4525882394394763,0.20334426112711887,0.1470276441416728,82,0.12460286919034737,0.08063045053920977,0.11925143301822194,0.12724945882582642,0.11293355289340137,0.018871434341890883,0.955681578670039,0.9769983665296659,0.976438507745811,0.9888726420065339,0.9744977737380125,0.011944721086865824,77,0.9912116566356493,0.9908968983797022,0.9918045400894504,0.9923808321523557,0.9915734818142894,0.0005687453513550688,0.08751207872256453,0.17785320489666723,0.12308037723663982,0.47796600190057553,0.21660291568911177,0.15429121192391101,82,0.12626548142675473,0.0822208115080257,0.12052348812210978,0.12856086640595682,0.11439266186571176,0.018803702097238653
236.96828150749207,4.821631540193764,13.450426161289215,0.14966914475536605,1,3,0.5,"{'negative_perc': 1, 'np_ratio': 3, 'positive_sample_perc': 0.5}",0.2625789744863811,0.263577271644343,0.6575573003826278,0.6605980702376423,0.4610779041877486,0.19800301433142073,18,0.054075692078333654,0.029330014005329006,0.08383399572760868,0.0632571680318219,0.057624217460773314,0.019569342033525595,0.9810214458847085,0.981307303193171,0.9789124249130573,0.9823045104858258,0.9808864211191908,0.0012352137346521967,38,0.9885719046400209,0.9842291320531894,0.990268371137901,0.9896005723072085,0.9881674950345799,0.0023527452567686964,0.2827799560461699,0.28373432715466335,0.6592799117703485,0.6622529557235838,0.4720117876736914,0.18875787438161962,21,0.054830162265107854,0.029671444712963947,0.08462133159031052,0.06405449250171989,0.05829435776752555,0.019732970538097153
194.13454431295395,4.110897011630413,13.706888437271118,0.07505932578388701,1,3,0.75,"{'negative_perc': 1, 'np_ratio': 3, 'positive_sample_perc': 0.75}",0.4548165617259234,0.3474908035904356,0.37999772196164466,0.33920869718732444,0.380378446116332,0.04560077648510364,46,0.08202419377835206,0.053914409721805175,0.07527808771752968,0.06393735992628556,0.06878851278599313,0.010747912124639063,0.9680393086732005,0.9849351881125513,0.9784526820529034,0.9813441880071662,0.9781928417114554,0.006295871040408902,54,0.9879138066691705,0.9897924405975235,0.991917946806028,0.9907658809374875,0.9900975187525524,0.0014681908469197757,0.4843628183956077,0.37230218800686543,0.4060776493096389,0.36546856327333666,0.4070528047463622,0.04720869528284642,41,0.08294786243052069,0.05503571936020573,0.07637524278705811,0.0649492383576905,0.06982701573386876,0.010695922776019096
174.84034997224808,1.49978836916929,13.850173354148865,0.2082730552885316,1,3,1,"{'negative_perc': 1, 'np_ratio': 3, 'positive_sample_perc': 1}",0.42403133872589477,0.5180718051401687,0.5121242062985761,0.23114844227721953,0.42134394811046477,0.11595137570307534,31,0.05238413692220442,0.07116675321701511,0.06674147774420391,0.03326997163598332,0.0558905848798517,0.014790964436332122,0.9485707134576878,0.987465749815576,0.9819317104015175,0.9848943513541996,0.9757156312572453,0.015793989292019025,69,0.9878057929778329,0.9894913832312884,0.9892921090159493,0.9867201041260746,0.9883273473377863,0.0011336880467078389,0.45452796499166626,0.53660396137371,0.5474019118844494,0.24839008279273567,0.4467309802606403,0.12001218041039162,29,0.052971424339874874,0.07213217937682517,0.06754742295850391,0.033948684390149406,0.05664992776633834,0.014894070587629489
159.8004611134529,2.2927543085840023,13.495120286941528,0.2880901368594129,1,3,1.25,"{'negative_perc': 1, 'np_ratio': 3, 'positive_sample_perc': 1.25}",0.4362619087335058,0.43712941797970273,0.4817016317763969,0.4294223468544539,0.4461288263360148,0.020753772893774374,25,0.05750066842033972,0.07274618175285197,0.06368435340624154,0.07169174728137469,0.06640573771520197,0.006221923324656039,0.9803364421962272,0.98221756770998,0.988286436926968,0.9792746864790811,0.9825287833280641,0.003487224400107342,28,0.9868623156389955,0.9894748920558868,0.9898273356326166,0.9898685743084948,0.9890082794089984,0.0012483837827315459,0.46705260608386456,0.468189147384269,0.5154775359112552,0.45673703012568967,0.4768640798762696,0.022735526111945962,19,0.05805029540369376,0.07353281862554464,0.0643792198598058,0.07245140794616468,0.06710343545880222,0.006311071088127619
153.24360007047653,0.5712435107711809,13.462282478809357,0.29041982729478477,1,3,1.5,"{'negative_perc': 1, 'np_ratio': 3, 'positive_sample_perc': 1.5}",0.49202537192951906,0.4790882980686234,0.4126887465346434,0.44226170291564754,0.4565160298621084,0.03120271328991167,20,0.06293387679029744,0.05164136977580272,0.0468255452609804,0.05325760665615305,0.0536645996208084,0.005851308957414866,0.9822557698387606,0.9821345768784908,0.9847244177468648,0.9851301507008116,0.983561228791232,0.0013742346289462974,18,0.9875137421212297,0.9873498525652556,0.9879350136994008,0.9884316043797401,0.9878075531914066,0.0004187782452850444,0.5253858847995704,0.5131972135210385,0.4406014583692011,0.4725802618594297,0.48794120463730994,0.03360424153638642,13,0.06349004178309518,0.05211244712736153,0.04728543107107101,0.05371688515336861,0.05415120128372409,0.005888503449451749
252.99893802404404,0.6168605552696592,13.769220471382141,0.07755277873989266,1,5,0.25,"{'negative_perc': 1, 'np_ratio': 5, 'positive_sample_perc': 0.25}",0.1708553837661572,0.2993066950500453,0.04112496605867472,0.3596263021175328,0.21772833674810246,0.12265386803861845,81,0.0712784404689591,0.09347419825536632,0.040925049598624495,0.06780638153363928,0.06837101746414731,0.01865625069631401,0.9865910527979767,0.9795710823058278,0.9733019812414375,0.9521643481926442,0.9729071161344716,0.012865427587968077,80,0.9906471398933167,0.9905960113798072,0.9872255137699067,0.9830909660736994,0.9878899077791825,0.003098248961942597,0.1829587557271402,0.31871001929944304,0.049218752044105654,0.38285636181903876,0.2334359722224319,0.12853214532504756,80,0.07212582616624034,0.09491902124490761,0.04176025143240386,0.06818434358792719,0.06924736060786975,0.018867901975594913
174.6769288778305,0.5067317895167478,14.1917644739151,0.31149868470720504,1,5,0.5,"{'negative_perc': 1, 'np_ratio': 5, 'positive_sample_perc': 0.5}",0.22660505143180082,0.2193728858553423,0.17607283324165438,0.36952072486330634,0.24789287384802597,0.07283202158670261,77,0.08618819269174717,0.03383923631009984,0.08721841049863349,0.047156512189787406,0.06360058792256698,0.023580432083347938,0.980873906628728,0.9857953946675097,0.9846098113605227,0.9896577616187164,0.9852342185688692,0.0031338816308497624,14,0.989064516765239,0.9838827128593132,0.9904635637193248,0.9888505094405974,0.9880653256961186,0.002493024872708103,0.24230368585421302,0.23460792597085608,0.19405717605789521,0.39380748440818897,0.2661940680727883,0.07592323418064086,77,0.0880568786443384,0.03415453509028134,0.08814338770070612,0.04759560306756109,0.06448760112572174,0.024085999951933026
148.64673632383347,0.7916765161124103,14.174931943416595,0.5650168950976832,1,5,0.75,"{'negative_perc': 1, 'np_ratio': 5, 'positive_sample_perc': 0.75}",0.5018675886450457,0.48807789753532116,0.455911796905639,0.4320084274211682,0.4694664276267935,0.027308660901251756,12,0.0666971632417546,0.05960794458499725,0.08441209037399944,0.06426991579094936,0.06874677849792517,0.009396322470229947,0.9433067235746654,0.9764082095057435,0.9825890504795025,0.9481149225418907,0.9626047265254506,0.01711926315337661,88,0.9660606441980245,0.9892577164899774,0.9896861692241355,0.9875707475576511,0.9831438193674471,0.009894627920525798,0.5347219047096826,0.5215771666107409,0.49012623413272827,0.45435025422458963,0.5001938899194354,0.03103395299576665,10,0.06758222793046817,0.060442188328727185,0.08545536476321777,0.06479232425116747,0.06956802631839515,0.009518917576941484
141.48308789730072,1.665927618366093,14.79863315820694,0.24127662186259127,1,5,1,"{'negative_perc': 1, 'np_ratio': 5, 'positive_sample_perc': 1}",0.5253040325802837,0.40641866004078475,0.18519472454179164,0.2571802301251247,0.34352441182199617,0.13183619056350113,60,0.0462420512880706,0.06546626036582502,0.031982403367402656,0.05915146850535407,0.050710545881663086,0.012842225767411376,0.9851736220887344,0.9871430076931184,0.9873287490778797,0.9894153756981768,0.9872651886394773,0.0015014095990575546,6,0.9852693917897603,0.9858021387887701,0.9830277057587878,0.9866919049176465,0.9851977853137411,0.0013520363600683953,0.5280574607109564,0.43349635717703705,0.1970830884021816,0.27477144645502194,0.35835208818629927,0.12984605172036123,60,0.04680163369022951,0.06725811301628422,0.032261605964673506,0.05985039253206261,0.05154293630081246,0.01332507277849802
133.90633857250214,1.9586361501871998,14.600819110870361,0.1340639316850464,1,5,1.25,"{'negative_perc': 1, 'np_ratio': 5, 'positive_sample_perc': 1.25}",0.43289545346844394,0.2989695253562782,0.1373214810033477,0.3539456249827392,0.3057830212027023,0.10828541117271244,67,0.0732395037650866,0.06279085406835207,0.07611862980225348,0.06640719045612198,0.06963904452295352,0.0052983706306225006,0.9857624617978712,0.9816300453156286,0.982473126778375,0.9874354515755085,0.9843252713668459,0.0023681965875508447,16,0.9869312481508811,0.9850738813820549,0.9867904725828275,0.9864651287073894,0.9863151827057882,0.0007363338033038759,0.454953439035434,0.3166188521531693,0.15223834764386604,0.37356794316842945,0.3243446455002247,0.1108623646991154,67,0.07402773655142407,0.06348126311394714,0.07708386419966373,0.06710104839578908,0.070423478065206,0.005398710726489605
128.64868265390396,2.0387874445813066,14.465819239616394,0.2094086024813645,1,5,1.5,"{'negative_perc': 1, 'np_ratio': 5, 'positive_sample_perc': 1.5}",0.45045725092724354,0.22683012839992275,0.44936349782938995,0.4378186421548126,0.3911173798278422,0.09498044463074584,40,0.038363610405993925,0.06005739819024253,0.05383592954757248,0.0605758463587284,0.05320819612563433,0.008971477209966794,0.9897144061544947,0.9899185899462536,0.9835875750869427,0.9831199283380756,0.9865851248814417,0.003236405509158992,8,0.9835932991018584,0.985191396933896,0.9861659926153434,0.9842330762487126,0.9847959412249527,0.0009742421526199074,0.4761425597179444,0.24512087420014417,0.47962372062907005,0.4687624896901732,0.41741241105933286,0.09954983883530268,38,0.03875839829029046,0.060992297117176436,0.0543497517202262,0.061508360998713665,0.05390220203160169,0.009187739044980124
